{
    "track": "Boulevard of Broken Dreams",
    "artist": "Green Day",
    "genre": "rock",
    "features": {
        "tempo_bpm": 161.4990234375,
        "tempo_stability": 0.013416399917518071,
        "key_signature": "G# major",
        "harmonic_energy": 0.16929113864898682,
        "percussive_energy": 0.07117582112550735,
        "harmonic_percussive_ratio": 2.3784919118186143,
        "loudness_rms": 0.2711164057254791,
        "LUFS": -7.524886833585501,
        "peak_amplitude": 1.0787917375564575,
        "crest_factor": 3.979071996322037,
        "dynamic_range": 0.2577100694179535,
        "compression_ratio": 15.440110085367632,
        "spectral_centroid": 2266.145178491432,
        "spectral_bandwidth": 2320.1438534476365,
        "spectral_rolloff": 4738.693926411291,
        "spectral_flatness_mean": 0.02444499358534813,
        "spectral_flatness_std": 0.04945686087012291,
        "zero_crossing_rate": 0.10167997626848119,
        "spectral_flux_mean": 93.72992706298828,
        "spectral_flux_std": 50.44258117675781,
        "stereo_width": 0.3099129702671932,
        "sub_bass_energy": 11.866779327392578,
        "frequency_balance": {
            "low": 28.613725662231445,
            "mid": 4.5848565101623535,
            "high": 1.0178046226501465
        },
        "low_mid_ratio": 6.240920634353507,
        "mid_high_ratio": 4.504652821459816,
        "transient_density": 1.968264825477193,
        "beat_strength": 0.06047847867012024,
        "onset_strength_mean": 1.2139997482299805,
        "onset_strength_std": 1.3848365545272827,
        "silence_ratio": 0.04464288214669773,
        "chroma_mean": [
            0.4224759340286255,
            0.40385231375694275,
            0.4019252061843872,
            0.5207557082176208,
            0.34652283787727356,
            0.5437905788421631,
            0.34560954570770264,
            0.3887415826320648,
            0.5671375393867493,
            0.3201999366283417,
            0.3868086040019989,
            0.26595956087112427
        ],
        "chroma_std": [
            0.24341142177581787,
            0.29148969054222107,
            0.24153241515159607,
            0.2804233431816101,
            0.20130231976509094,
            0.3220730423927307,
            0.19781477749347687,
            0.20763841271400452,
            0.32229793071746826,
            0.1738136112689972,
            0.25526687502861023,
            0.17075270414352417
        ],
        "mfcc_mean": [
            -14.536579132080078,
            93.80953979492188,
            -13.83284854888916,
            34.58974075317383,
            5.754678249359131,
            15.267736434936523,
            0.4793894588947296,
            7.879026889801025,
            2.2329959869384766,
            5.450657367706299,
            -2.147395610809326,
            6.2362446784973145,
            -2.801327705383301
        ],
        "mfcc_std": [
            73.91857147216797,
            32.628684997558594,
            18.304759979248047,
            11.691320419311523,
            9.796257972717285,
            7.413223743438721,
            7.739743709564209,
            7.3027496337890625,
            6.84126091003418,
            6.700478553771973,
            6.139257907867432,
            6.070357322692871,
            5.796857833862305
        ],
        "spectral_contrast_mean": [
            20.264578029071707,
            15.789084706471053,
            18.294406172829785,
            17.799848088248936,
            17.210902769758047,
            17.6854858115434,
            49.25159316346968
        ],
        "spectral_contrast_std": [
            5.0970096371383,
            4.118459522385265,
            4.462396964871766,
            3.5272737378142525,
            2.921718719410824,
            2.824001244391431,
            4.002568577318893
        ]
    }
}