{
    "track": "Boulevard of Broken Dreams",
    "artist": "Green Day",
    "genre": "rock",
    "features": {
        "tempo_bpm": 161.4990234375,
        "tempo_stability": 0.013416399917518071,
        "key_signature": "G# major",
        "loudness_rms": 0.2711164057254791,
        "LUFS": -11.507985574618365,
        "peak_amplitude": 1.078791618347168,
        "crest_factor": 3.979071703390411,
        "dynamic_range": 0.2577100396156311,
        "spectral_centroid": 2266.1571471158145,
        "spectral_bandwidth": 2320.099729444895,
        "spectral_rolloff": 4738.570438508064,
        "spectral_flatness_mean": 0.024445006623864174,
        "spectral_flatness_std": 0.04945683106780052,
        "zero_crossing_rate": 0.10168067631328405,
        "stereo_width": 0.0,
        "sub_bass_energy": 11.866779327392578,
        "frequency_balance": {
            "low": 28.613727569580078,
            "mid": 4.5848565101623535,
            "high": 1.0178046226501465
        },
        "transient_density": 1.968264825477193,
        "onset_strength_mean": 1.2139997482299805,
        "onset_strength_std": 1.3848365545272827,
        "silence_ratio": 0.04464323220046599,
        "mfcc_mean": [
            -14.536579132080078,
            93.80953979492188,
            -13.83284854888916,
            34.58974075317383,
            5.754678249359131,
            15.267736434936523,
            0.479389488697052,
            7.879026889801025,
            2.2329964637756348,
            5.450656890869141,
            -2.147395610809326,
            6.2362446784973145,
            -2.8013272285461426
        ],
        "mfcc_std": [
            73.91857147216797,
            32.628684997558594,
            18.304759979248047,
            11.691320419311523,
            9.796257972717285,
            7.413223743438721,
            7.739743709564209,
            7.3027496337890625,
            6.84126091003418,
            6.700478553771973,
            6.139257431030273,
            6.070357322692871,
            5.796857833862305
        ],
        "spectral_contrast_mean": [
            20.264570912982368,
            15.78908469845565,
            18.29440630965268,
            17.799848082506507,
            17.210902844636646,
            17.68548474940899,
            49.24120868748294
        ],
        "spectral_contrast_std": [
            5.096964998023944,
            4.118459516681366,
            4.462397236570108,
            3.5272737748528415,
            2.9217188005792005,
            2.8239992867894963,
            3.998610658078563
        ]
    }
}