{
    "track": "Breaking The Habit",
    "artist": "Linkin Park",
    "genre": "rock",
    "features": {
        "tempo_bpm": 99.38401442307692,
        "tempo_stability": 0.015270963535999611,
        "key_signature": "E minor",
        "harmonic_energy": 0.17307768762111664,
        "percussive_energy": 0.06780996173620224,
        "harmonic_percussive_ratio": 2.552392858891494,
        "loudness_rms": 0.26278236508369446,
        "LUFS": -7.894256097919023,
        "peak_amplitude": 0.9758833646774292,
        "crest_factor": 3.7136560789764412,
        "dynamic_range": 0.3089374899864197,
        "compression_ratio": 12.020735841844019,
        "spectral_centroid": 2297.6274556043427,
        "spectral_bandwidth": 2466.3749855198917,
        "spectral_rolloff": 4923.650005582318,
        "spectral_flatness_mean": 0.03486946225166321,
        "spectral_flatness_std": 0.10247017443180084,
        "zero_crossing_rate": 0.09297980024452383,
        "spectral_flux_mean": 90.99092102050781,
        "spectral_flux_std": 42.107810974121094,
        "stereo_width": 0.20550851899617573,
        "sub_bass_energy": 16.656665802001953,
        "frequency_balance": {
            "low": 22.173200607299805,
            "mid": 4.554656505584717,
            "high": 1.0321382284164429
        },
        "low_mid_ratio": 4.8682486882225975,
        "mid_high_ratio": 4.412835738527326,
        "transient_density": 2.4419096327319587,
        "beat_strength": 0.054661575704813004,
        "onset_strength_mean": 1.2588847875595093,
        "onset_strength_std": 1.290441632270813,
        "silence_ratio": 0.06914625373418463,
        "chroma_mean": [
            0.44959476590156555,
            0.3658631145954132,
            0.4799967110157013,
            0.28650790452957153,
            0.5441694259643555,
            0.2924623489379883,
            0.4362424910068512,
            0.4615849554538727,
            0.3528790771961212,
            0.3836764097213745,
            0.2851693332195282,
            0.489413857460022
        ],
        "chroma_std": [
            0.32617348432540894,
            0.1932566910982132,
            0.2707981765270233,
            0.17016832530498505,
            0.30158889293670654,
            0.1705704778432846,
            0.25818932056427,
            0.24488070607185364,
            0.1756574660539627,
            0.23968888819217682,
            0.19646446406841278,
            0.3129884898662567
        ],
        "mfcc_mean": [
            -35.31059646606445,
            92.28540802001953,
            1.4125059843063354,
            19.917938232421875,
            3.514488458633423,
            2.6323788166046143,
            -0.9845882058143616,
            3.2263007164001465,
            0.10725005716085434,
            5.743186950683594,
            -4.384368419647217,
            -0.27224475145339966,
            -2.9865970611572266
        ],
        "mfcc_std": [
            112.93441772460938,
            33.50309753417969,
            18.3596134185791,
            14.092052459716797,
            12.733003616333008,
            10.876444816589355,
            10.87237548828125,
            8.97626781463623,
            8.479166030883789,
            8.683568954467773,
            7.195281028747559,
            7.363163471221924,
            7.191978454589844
        ],
        "spectral_contrast_mean": [
            19.76783234288418,
            15.487579335019623,
            18.10309153240637,
            18.20321390357603,
            17.928851284709573,
            17.321512223832613,
            45.921719163109465
        ],
        "spectral_contrast_std": [
            5.055006460705859,
            4.20169132745645,
            4.1055078144022685,
            3.4685733774695957,
            3.1383666632026395,
            2.6671649402464315,
            4.33576494223822
        ]
    }
}