{
    "track": "Breaking the Habit",
    "artist": "Linkin Park",
    "genre": "rock",
    "features": {
        "tempo_bpm": 99.38401442307692,
        "tempo_stability": 0.015270963535999611,
        "key_signature": "E minor",
        "loudness_rms": 0.26278236508369446,
        "LUFS": -11.418877761533198,
        "peak_amplitude": 0.9758833646774292,
        "crest_factor": 3.7136562202970382,
        "dynamic_range": 0.3089374899864197,
        "spectral_centroid": 2297.660386554038,
        "spectral_bandwidth": 2466.392642973433,
        "spectral_rolloff": 4923.69666884316,
        "spectral_flatness_mean": 0.03486958518624306,
        "spectral_flatness_std": 0.10247018188238144,
        "zero_crossing_rate": 0.09298025781158487,
        "stereo_width": 0.0,
        "sub_bass_energy": 16.656665802001953,
        "frequency_balance": {
            "low": 22.173200607299805,
            "mid": 4.554656505584717,
            "high": 1.0321382284164429
        },
        "transient_density": 2.4419096327319587,
        "onset_strength_mean": 1.2588847875595093,
        "onset_strength_std": 1.290441632270813,
        "silence_ratio": 0.06914602492385193,
        "mfcc_mean": [
            -35.31059646606445,
            92.28540802001953,
            1.412505865097046,
            19.917938232421875,
            3.5144882202148438,
            2.6323788166046143,
            -0.9845882058143616,
            3.2263007164001465,
            0.10725028812885284,
            5.743186950683594,
            -4.384368419647217,
            -0.27224481105804443,
            -2.9865970611572266
        ],
        "mfcc_std": [
            112.93441772460938,
            33.50309753417969,
            18.3596134185791,
            14.092052459716797,
            12.733003616333008,
            10.876444816589355,
            10.872376441955566,
            8.97626781463623,
            8.479166030883789,
            8.683568954467773,
            7.195281028747559,
            7.363163948059082,
            7.191978454589844
        ],
        "spectral_contrast_mean": [
            19.767834828248954,
            15.487577535715852,
            18.10309406351862,
            18.20321634312145,
            17.928852298246362,
            17.321504929197733,
            45.90577917427106
        ],
        "spectral_contrast_std": [
            5.055027793202161,
            4.201694554322707,
            4.105500389741162,
            3.468566512003864,
            3.1383669645370142,
            2.667168678035451,
            4.332382770470579
        ]
    }
}