{
    "track": "Kashmir",
    "artist": "Led Zeppelin",
    "genre": "rock",
    "features": {
        "tempo_bpm": 161.4990234375,
        "tempo_stability": 0.014204731490636554,
        "key_signature": "D major",
        "harmonic_energy": 0.08001655340194702,
        "percussive_energy": 0.03696972504258156,
        "harmonic_percussive_ratio": 2.1643799532180674,
        "loudness_rms": 0.13360987603664398,
        "LUFS": -11.924342592175831,
        "peak_amplitude": 1.001605749130249,
        "crest_factor": 7.496494300246224,
        "dynamic_range": 0.21161991357803345,
        "compression_ratio": 35.42433138381671,
        "spectral_centroid": 2223.835131948369,
        "spectral_bandwidth": 2216.000360325203,
        "spectral_rolloff": 4394.123613423315,
        "spectral_flatness_mean": 0.02656368352472782,
        "spectral_flatness_std": 0.0782032310962677,
        "zero_crossing_rate": 0.11830579823461072,
        "spectral_flux_mean": 51.73860168457031,
        "spectral_flux_std": 27.77652359008789,
        "stereo_width": 0.3965690149319089,
        "sub_bass_energy": 0.8498249650001526,
        "frequency_balance": {
            "low": 9.766990661621094,
            "mid": 2.8599796295166016,
            "high": 0.4304646849632263
        },
        "low_mid_ratio": 3.415056011822492,
        "mid_high_ratio": 6.64393540975741,
        "transient_density": 2.0245898965322735,
        "beat_strength": 0.05378520488739014,
        "onset_strength_mean": 1.248315691947937,
        "onset_strength_std": 1.4483236074447632,
        "silence_ratio": 0.10802706240897113,
        "chroma_mean": [
            0.34292078018188477,
            0.3941825032234192,
            0.6905816793441772,
            0.37030208110809326,
            0.49249038100242615,
            0.3857867419719696,
            0.3633439838886261,
            0.5116777420043945,
            0.4179063141345978,
            0.7507166266441345,
            0.4175576865673065,
            0.40241336822509766
        ],
        "chroma_std": [
            0.19916290044784546,
            0.19570283591747284,
            0.2910529673099518,
            0.18779638409614563,
            0.23509059846401215,
            0.22946807742118835,
            0.19138652086257935,
            0.2913251519203186,
            0.21637383103370667,
            0.2568310797214508,
            0.22644220292568207,
            0.21113549172878265
        ],
        "mfcc_mean": [
            -96.00386047363281,
            99.60603332519531,
            -24.121278762817383,
            26.900379180908203,
            3.0462708473205566,
            -3.1786561012268066,
            -7.895589351654053,
            -1.4618080854415894,
            -3.2338857650756836,
            -4.858351230621338,
            -7.5359392166137695,
            -2.2177512645721436,
            -10.401708602905273
        ],
        "mfcc_std": [
            98.25186920166016,
            33.49951934814453,
            24.22064208984375,
            16.100791931152344,
            12.446555137634277,
            9.98415756225586,
            9.075216293334961,
            8.295244216918945,
            7.622303009033203,
            6.697213172912598,
            7.3358869552612305,
            6.650680065155029,
            6.624790191650391
        ],
        "spectral_contrast_mean": [
            25.27427720627094,
            14.918707986933946,
            17.417463677238448,
            17.919768771533718,
            19.134274973301302,
            19.951357599706967,
            46.124399116667014
        ],
        "spectral_contrast_std": [
            5.3133586293412245,
            3.9834124682108683,
            4.2674396264855,
            3.7737431890294078,
            3.13873616652695,
            3.5209487216093356,
            4.20037915849712
        ]
    }
}