{
    "track": "Kashmir",
    "artist": "Led Zeppelin",
    "genre": "rock",
    "features": {
        "tempo_bpm": 161.4990234375,
        "tempo_stability": 0.014204731490636554,
        "key_signature": "D major",
        "loudness_rms": 0.13360987603664398,
        "LUFS": -15.993364412031756,
        "peak_amplitude": 1.0016056299209595,
        "crest_factor": 7.4964939691004435,
        "dynamic_range": 0.21161991357803345,
        "spectral_centroid": 2223.8212582459187,
        "spectral_bandwidth": 2216.0064253198107,
        "spectral_rolloff": 4394.121196352202,
        "spectral_flatness_mean": 0.02656366676092148,
        "spectral_flatness_std": 0.0782032236456871,
        "zero_crossing_rate": 0.11830579823461072,
        "stereo_width": 0.0,
        "sub_bass_energy": 0.8498249053955078,
        "frequency_balance": {
            "low": 9.766990661621094,
            "mid": 2.8599793910980225,
            "high": 0.4304646849632263
        },
        "transient_density": 2.0245898965322735,
        "onset_strength_mean": 1.248315691947937,
        "onset_strength_std": 1.4483236074447632,
        "silence_ratio": 0.10802706240897113,
        "mfcc_mean": [
            -96.00386047363281,
            99.60603332519531,
            -24.121278762817383,
            26.90037727355957,
            3.0462706089019775,
            -3.1786561012268066,
            -7.895589351654053,
            -1.4618080854415894,
            -3.2338857650756836,
            -4.858352184295654,
            -7.5359392166137695,
            -2.2177512645721436,
            -10.401708602905273
        ],
        "mfcc_std": [
            98.25186920166016,
            33.49951934814453,
            24.22064208984375,
            16.100791931152344,
            12.446555137634277,
            9.98415756225586,
            9.075217247009277,
            8.295244216918945,
            7.622303009033203,
            6.697213172912598,
            7.335886478424072,
            6.650680065155029,
            6.624790191650391
        ],
        "spectral_contrast_mean": [
            25.274260072167017,
            14.918707977423598,
            17.41746366638219,
            17.91976878126709,
            19.13427511135514,
            19.951357448851034,
            46.12073841732497
        ],
        "spectral_contrast_std": [
            5.313228173259316,
            3.9834123618308723,
            4.26743961656474,
            3.7737431617461485,
            3.138736312979328,
            3.520948521777581,
            4.19190656098836
        ]
    }
}