{
    "track": "Livin' on a Prayer",
    "artist": "Bon Jovi",
    "genre": "rock",
    "features": {
        "tempo_bpm": 123.046875,
        "tempo_stability": 0.012869609220946387,
        "key_signature": "E minor",
        "harmonic_energy": 0.13679295778274536,
        "percussive_energy": 0.07405619323253632,
        "harmonic_percussive_ratio": 1.8471505668906059,
        "loudness_rms": 0.2407684475183487,
        "LUFS": -7.3790043971728565,
        "peak_amplitude": 1.3805396556854248,
        "crest_factor": 5.733889189285583,
        "dynamic_range": 0.33184266090393066,
        "compression_ratio": 17.27893876235573,
        "spectral_centroid": 2680.3849570139396,
        "spectral_bandwidth": 2451.1462590108777,
        "spectral_rolloff": 5444.624297716974,
        "spectral_flatness_mean": 0.04402633756399155,
        "spectral_flatness_std": 0.09652934968471527,
        "zero_crossing_rate": 0.1429172383100448,
        "spectral_flux_mean": 95.95695495605469,
        "spectral_flux_std": 46.510475158691406,
        "stereo_width": 0.259882317117876,
        "sub_bass_energy": 8.05629825592041,
        "frequency_balance": {
            "low": 21.235326766967773,
            "mid": 5.035872936248779,
            "high": 1.3983774185180664
        },
        "low_mid_ratio": 4.216811463201423,
        "mid_high_ratio": 3.601225844717443,
        "transient_density": 2.097859654955207,
        "beat_strength": 0.06455021351575851,
        "onset_strength_mean": 1.1441570520401,
        "onset_strength_std": 1.019267201423645,
        "silence_ratio": 0.09149231435470324,
        "chroma_mean": [
            0.4855058193206787,
            0.36315369606018066,
            0.5676890015602112,
            0.3976885974407196,
            0.615672767162323,
            0.4292945861816406,
            0.417524129152298,
            0.4599166512489319,
            0.3306048512458801,
            0.400328129529953,
            0.40195223689079285,
            0.5580812096595764
        ],
        "chroma_std": [
            0.2561561167240143,
            0.1581641435623169,
            0.3144981265068054,
            0.1890430599451065,
            0.29046329855918884,
            0.21907174587249756,
            0.18213798105716705,
            0.23342637717723846,
            0.14653095602989197,
            0.2054765224456787,
            0.19885030388832092,
            0.2382168471813202
        ],
        "mfcc_mean": [
            -20.16669464111328,
            72.34781646728516,
            -8.444446563720703,
            34.63345718383789,
            -4.097201347351074,
            13.997965812683105,
            1.9736689329147339,
            7.670119762420654,
            -2.548213481903076,
            5.04744815826416,
            -1.0031676292419434,
            -0.6558615565299988,
            -4.455596446990967
        ],
        "mfcc_std": [
            120.13275909423828,
            25.445823669433594,
            18.039840698242188,
            12.796488761901855,
            10.794740676879883,
            9.273244857788086,
            8.946741104125977,
            8.00629997253418,
            7.842280864715576,
            8.762076377868652,
            8.191852569580078,
            8.047707557678223,
            7.0180134773254395
        ],
        "spectral_contrast_mean": [
            21.661882323305317,
            13.925149334885223,
            17.738325071468108,
            18.661718208314372,
            18.310601491307192,
            18.549288963946285,
            49.30818601398459
        ],
        "spectral_contrast_std": [
            4.823195268139863,
            3.9832330178440305,
            4.284497750600309,
            4.052005649148857,
            3.647884584326827,
            4.444121425521644,
            5.049868082401399
        ]
    }
}