{
    "track": "Livin' on a Prayer",
    "artist": "Bon Jovi",
    "genre": "rock",
    "features": {
        "tempo_bpm": 123.046875,
        "tempo_stability": 0.012869609220946387,
        "key_signature": "E minor",
        "loudness_rms": 0.2407684475183487,
        "LUFS": -11.154163462661305,
        "peak_amplitude": 1.3805395364761353,
        "crest_factor": 5.733888932315045,
        "dynamic_range": 0.33184266090393066,
        "spectral_centroid": 2680.452723676187,
        "spectral_bandwidth": 2451.120165069465,
        "spectral_rolloff": 5444.599182009308,
        "spectral_flatness_mean": 0.04402631148695946,
        "spectral_flatness_std": 0.09652931988239288,
        "zero_crossing_rate": 0.1429172383100448,
        "stereo_width": 0.0,
        "sub_bass_energy": 8.05629825592041,
        "frequency_balance": {
            "low": 21.235326766967773,
            "mid": 5.035872936248779,
            "high": 1.3983774185180664
        },
        "transient_density": 2.097859654955207,
        "onset_strength_mean": 1.1441571712493896,
        "onset_strength_std": 1.019267201423645,
        "silence_ratio": 0.09149249661720792,
        "mfcc_mean": [
            -20.16669464111328,
            72.34780883789062,
            -8.444446563720703,
            34.633460998535156,
            -4.097201347351074,
            13.997965812683105,
            1.9736695289611816,
            7.670119762420654,
            -2.548213481903076,
            5.04744815826416,
            -1.0031675100326538,
            -0.6558616161346436,
            -4.455596446990967
        ],
        "mfcc_std": [
            120.13275909423828,
            25.445825576782227,
            18.039840698242188,
            12.796488761901855,
            10.794740676879883,
            9.273244857788086,
            8.946741104125977,
            8.00629997253418,
            7.842280387878418,
            8.762076377868652,
            8.191852569580078,
            8.047707557678223,
            7.0180134773254395
        ],
        "spectral_contrast_mean": [
            21.661885139911412,
            13.925149441784427,
            17.738324944771335,
            18.661718319137247,
            18.310601302977926,
            18.54928739820762,
            49.30238871175019
        ],
        "spectral_contrast_std": [
            4.823213853116653,
            3.983233360848593,
            4.284497442799838,
            4.05200603832085,
            3.6478842628402797,
            4.444117964091798,
            5.041357680138564
        ]
    }
}