{
    "track": "Losing My Religion",
    "artist": "R.E.M",
    "genre": "rock",
    "features": {
        "tempo_bpm": 123.046875,
        "tempo_stability": 0.012622927738128658,
        "key_signature": "A minor",
        "loudness_rms": 0.22362753748893738,
        "LUFS": -12.468328408369368,
        "peak_amplitude": 1.0790798664093018,
        "crest_factor": 4.82534431370145,
        "dynamic_range": 0.276813805103302,
        "spectral_centroid": 2325.2200704609613,
        "spectral_bandwidth": 2403.8718541162975,
        "spectral_rolloff": 4866.491800574484,
        "spectral_flatness_mean": 0.02026836760342121,
        "spectral_flatness_std": 0.024638712406158447,
        "zero_crossing_rate": 0.10729737637303234,
        "stereo_width": 0.0,
        "sub_bass_energy": 8.801559448242188,
        "frequency_balance": {
            "low": 21.427343368530273,
            "mid": 3.8322408199310303,
            "high": 0.848964512348175
        },
        "transient_density": 2.261163272532653,
        "onset_strength_mean": 1.1837964057922363,
        "onset_strength_std": 1.2595518827438354,
        "silence_ratio": 0.06042523759839114,
        "mfcc_mean": [
            -41.91155242919922,
            88.5456771850586,
            -6.965093612670898,
            34.75178909301758,
            6.87806510925293,
            16.257436752319336,
            -0.6154017448425293,
            3.3840508460998535,
            -2.6788477897644043,
            2.9508299827575684,
            -3.731928586959839,
            2.0351338386535645,
            -4.371048450469971
        ],
        "mfcc_std": [
            88.73564147949219,
            26.111841201782227,
            15.106147766113281,
            13.90603256225586,
            9.725933074951172,
            8.277507781982422,
            8.132379531860352,
            6.948550224304199,
            7.357536792755127,
            7.636119842529297,
            7.597038269042969,
            7.4060564041137695,
            7.85222053527832
        ],
        "spectral_contrast_mean": [
            22.466101776854526,
            17.24795740612071,
            19.882866735742667,
            19.72746588556807,
            19.684125753585892,
            18.351959612510875,
            47.67040405527775
        ],
        "spectral_contrast_std": [
            4.795607364570243,
            4.257930754260033,
            4.666869679004111,
            4.102708342289667,
            3.5776065291406205,
            3.303082286234861,
            3.5115258896338806
        ]
    }
}