{
    "track": "Losing My Religion",
    "artist": "R.E.M",
    "genre": "rock",
    "features": {
        "tempo_bpm": 123.046875,
        "tempo_stability": 0.012622927738128658,
        "key_signature": "A minor",
        "harmonic_energy": 0.13258209824562073,
        "percussive_energy": 0.063015878200531,
        "harmonic_percussive_ratio": 2.103947147800474,
        "loudness_rms": 0.22362753748893738,
        "LUFS": -8.61938712280518,
        "peak_amplitude": 1.0790798664093018,
        "crest_factor": 4.825344097925515,
        "dynamic_range": 0.276813805103302,
        "compression_ratio": 17.431731491164133,
        "spectral_centroid": 2325.2200702939654,
        "spectral_bandwidth": 2403.871854068024,
        "spectral_rolloff": 4866.491800574484,
        "spectral_flatness_mean": 0.02026836760342121,
        "spectral_flatness_std": 0.024638818576931953,
        "zero_crossing_rate": 0.10729737637303234,
        "spectral_flux_mean": 84.19385528564453,
        "spectral_flux_std": 47.432403564453125,
        "stereo_width": 0.3180276653733155,
        "sub_bass_energy": 8.801559448242188,
        "frequency_balance": {
            "low": 21.427343368530273,
            "mid": 3.8322408199310303,
            "high": 0.848964512348175
        },
        "low_mid_ratio": 5.591335283830768,
        "mid_high_ratio": 4.514017628594569,
        "transient_density": 2.261163272532653,
        "beat_strength": 0.045300766825675964,
        "onset_strength_mean": 1.1837964057922363,
        "onset_strength_std": 1.2595518827438354,
        "silence_ratio": 0.06042506865755558,
        "chroma_mean": [
            0.38213133811950684,
            0.2886393070220947,
            0.40976232290267944,
            0.2889026403427124,
            0.604992687702179,
            0.4901075065135956,
            0.49359363317489624,
            0.5745120644569397,
            0.383342981338501,
            0.6615781188011169,
            0.3123115301132202,
            0.41246965527534485
        ],
        "chroma_std": [
            0.2547764778137207,
            0.17023932933807373,
            0.287086546421051,
            0.17078231275081635,
            0.2836972773075104,
            0.2529354691505432,
            0.2369239181280136,
            0.2862793505191803,
            0.18540465831756592,
            0.29533058404922485,
            0.1787721961736679,
            0.2517998516559601
        ],
        "mfcc_mean": [
            -41.91155242919922,
            88.5456771850586,
            -6.965093612670898,
            34.75178909301758,
            6.87806510925293,
            16.257436752319336,
            -0.6154018044471741,
            3.3840508460998535,
            -2.6788477897644043,
            2.9508299827575684,
            -3.7319283485412598,
            2.0351338386535645,
            -4.371048450469971
        ],
        "mfcc_std": [
            88.73564147949219,
            26.111841201782227,
            15.106147766113281,
            13.90603256225586,
            9.725933074951172,
            8.277507781982422,
            8.132378578186035,
            6.948550701141357,
            7.357536792755127,
            7.636119842529297,
            7.597038269042969,
            7.4060564041137695,
            7.85222053527832
        ],
        "spectral_contrast_mean": [
            22.466097354610618,
            17.247957212335447,
            19.882866769672507,
            19.72746579823103,
            19.68412598685893,
            18.35195942523691,
            47.67826571077267
        ],
        "spectral_contrast_std": [
            4.795573208863991,
            4.257930642885841,
            4.666870214093577,
            4.102708531853155,
            3.5776070838965572,
            3.303081990315604,
            3.523347865775897
        ]
    }
}