{
    "track": "Man in the Box",
    "artist": "Alice In Chains",
    "genre": "rock",
    "features": {
        "tempo_bpm": 107.666015625,
        "tempo_stability": 0.021350479789285712,
        "key_signature": "D# major",
        "harmonic_energy": 0.09553804993629456,
        "percussive_energy": 0.05287281796336174,
        "harmonic_percussive_ratio": 1.8069404194248453,
        "loudness_rms": 0.16957376897335052,
        "LUFS": -11.299014599251002,
        "peak_amplitude": 0.9965922236442566,
        "crest_factor": 5.877042014855827,
        "dynamic_range": 0.20280006527900696,
        "compression_ratio": 28.979486357538818,
        "spectral_centroid": 2594.524471971419,
        "spectral_bandwidth": 2515.432899610444,
        "spectral_rolloff": 5414.923288662793,
        "spectral_flatness_mean": 0.04286060482263565,
        "spectral_flatness_std": 0.10792006552219391,
        "zero_crossing_rate": 0.12368033262358218,
        "spectral_flux_mean": 70.38243865966797,
        "spectral_flux_std": 38.20229721069336,
        "stereo_width": 0.31531295110377977,
        "sub_bass_energy": 4.311855792999268,
        "frequency_balance": {
            "low": 16.109210968017578,
            "mid": 3.110004186630249,
            "high": 0.6949569582939148
        },
        "low_mid_ratio": 5.179803611027994,
        "mid_high_ratio": 4.475103248860367,
        "transient_density": 1.5556569916532583,
        "beat_strength": 0.044576894491910934,
        "onset_strength_mean": 1.1634315252304077,
        "onset_strength_std": 1.1707773208618164,
        "silence_ratio": 0.07216364767699116,
        "chroma_mean": [
            0.49515870213508606,
            0.6151071786880493,
            0.5121013522148132,
            0.7226969599723816,
            0.5034995675086975,
            0.4801521897315979,
            0.5019004344940186,
            0.46020081639289856,
            0.5461519956588745,
            0.5101511478424072,
            0.767833411693573,
            0.49758949875831604
        ],
        "chroma_std": [
            0.1700691431760788,
            0.21835383772850037,
            0.1791001409292221,
            0.24470970034599304,
            0.1953200250864029,
            0.18650777637958527,
            0.23938186466693878,
            0.16204902529716492,
            0.23037534952163696,
            0.1985664963722229,
            0.24336425960063934,
            0.17881406843662262
        ],
        "mfcc_mean": [
            -52.40156555175781,
            76.84107971191406,
            -11.390885353088379,
            29.608945846557617,
            0.6173065304756165,
            2.7236979007720947,
            3.141531229019165,
            9.665879249572754,
            2.6367690563201904,
            9.083571434020996,
            -2.769961357116699,
            2.115666627883911,
            -4.454588890075684
        ],
        "mfcc_std": [
            70.87523651123047,
            22.91704559326172,
            19.269662857055664,
            16.20746612548828,
            11.635815620422363,
            9.370314598083496,
            10.602726936340332,
            9.039726257324219,
            8.487038612365723,
            7.262409210205078,
            7.505742073059082,
            7.690803050994873,
            7.750006198883057
        ],
        "spectral_contrast_mean": [
            19.630397030383932,
            14.183540222837,
            17.057622632958214,
            18.370649559442235,
            17.397075412410405,
            17.9843762437746,
            46.8163523378799
        ],
        "spectral_contrast_std": [
            4.870407866813815,
            3.7641789975340707,
            4.1413993109991525,
            3.977593345652885,
            3.07951927840894,
            2.716133655428507,
            4.6391150662018985
        ]
    }
}