{
    "track": "Man in the Box",
    "artist": "Alice in Chains",
    "genre": "rock",
    "features": {
        "tempo_bpm": 107.666015625,
        "tempo_stability": 0.021350479789285712,
        "key_signature": "D# major",
        "loudness_rms": 0.16957376897335052,
        "LUFS": -15.227595449852894,
        "peak_amplitude": 0.9965924024581909,
        "crest_factor": 5.877043415923668,
        "dynamic_range": 0.20280006527900696,
        "spectral_centroid": 2594.5195578172084,
        "spectral_bandwidth": 2515.463721604979,
        "spectral_rolloff": 5415.015962330816,
        "spectral_flatness_mean": 0.042860664427280426,
        "spectral_flatness_std": 0.10792006552219391,
        "zero_crossing_rate": 0.12368033262358218,
        "stereo_width": 0.0,
        "sub_bass_energy": 4.311855792999268,
        "frequency_balance": {
            "low": 16.109210968017578,
            "mid": 3.110004186630249,
            "high": 0.6949569582939148
        },
        "transient_density": 1.5556569916532583,
        "onset_strength_mean": 1.1634315252304077,
        "onset_strength_std": 1.170777440071106,
        "silence_ratio": 0.07216380480691874,
        "mfcc_mean": [
            -52.40156555175781,
            76.84107971191406,
            -11.390885353088379,
            29.608945846557617,
            0.617306649684906,
            2.7236979007720947,
            3.141531229019165,
            9.665879249572754,
            2.6367688179016113,
            9.08357048034668,
            -2.769961357116699,
            2.115666389465332,
            -4.454588890075684
        ],
        "mfcc_std": [
            70.87523651123047,
            22.91704559326172,
            19.269662857055664,
            16.20746612548828,
            11.635815620422363,
            9.370314598083496,
            10.602726936340332,
            9.039726257324219,
            8.487038612365723,
            7.262409210205078,
            7.505742073059082,
            7.690803050994873,
            7.750006198883057
        ],
        "spectral_contrast_mean": [
            19.63039611155666,
            14.183542215380733,
            17.05762161417878,
            18.370650556218813,
            17.397073953506208,
            17.984377085411325,
            46.812655927675394
        ],
        "spectral_contrast_std": [
            4.870399898418732,
            3.7641809024602484,
            4.141399828925511,
            3.977591405679625,
            3.079519701893287,
            2.716132985461836,
            4.635237870546259
        ]
    }
}