{
    "track": "Mr Brightside",
    "artist": "The Killers",
    "genre": "rock",
    "features": {
        "tempo_bpm": 143.5546875,
        "tempo_stability": 0.033737794234377554,
        "key_signature": "C# major",
        "loudness_rms": 0.2877146303653717,
        "LUFS": -10.661115945664916,
        "peak_amplitude": 0.9562511444091797,
        "crest_factor": 3.323609728135225,
        "dynamic_range": 0.23009219765663147,
        "spectral_centroid": 2599.792153358246,
        "spectral_bandwidth": 2637.8777993793396,
        "spectral_rolloff": 5653.564866360621,
        "spectral_flatness_mean": 0.03658085688948631,
        "spectral_flatness_std": 0.024606652557849884,
        "zero_crossing_rate": 0.12151004662522202,
        "stereo_width": 0.0,
        "sub_bass_energy": 14.647632598876953,
        "frequency_balance": {
            "low": 27.613983154296875,
            "mid": 5.7293243408203125,
            "high": 1.4068721532821655
        },
        "transient_density": 1.8450602468652038,
        "onset_strength_mean": 1.0253394842147827,
        "onset_strength_std": 0.6056662201881409,
        "silence_ratio": 0.03152082516980146,
        "mfcc_mean": [
            13.873140335083008,
            82.81085968017578,
            -2.223207950592041,
            25.456632614135742,
            9.468887329101562,
            3.6244008541107178,
            -2.7305335998535156,
            6.233081340789795,
            -0.17457714676856995,
            4.0067033767700195,
            0.5671364068984985,
            4.634023666381836,
            -2.4012115001678467
        ],
        "mfcc_std": [
            81.34406280517578,
            22.002458572387695,
            21.202430725097656,
            10.92341136932373,
            10.056879997253418,
            9.623995780944824,
            7.796107292175293,
            7.4281325340271,
            6.537293910980225,
            5.7704973220825195,
            5.961982250213623,
            5.665504455566406,
            6.157259464263916
        ],
        "spectral_contrast_mean": [
            21.951259215684534,
            14.882832876051818,
            17.30528991237337,
            17.62928419086101,
            17.11464514794884,
            16.94312322010365,
            45.61826202905456
        ],
        "spectral_contrast_std": [
            5.168717952642265,
            4.402634472985108,
            4.222218016513994,
            3.479184853990797,
            3.066140215309578,
            2.9912443012826775,
            2.4349543090685812
        ]
    }
}