{
    "track": "Mr Brightside",
    "artist": "The Killers",
    "genre": "rock",
    "features": {
        "tempo_bpm": 143.5546875,
        "tempo_stability": 0.033737794234377554,
        "key_signature": "C# major",
        "harmonic_energy": 0.1694536656141281,
        "percussive_energy": 0.08779289573431015,
        "harmonic_percussive_ratio": 1.930152148363217,
        "loudness_rms": 0.2877146303653717,
        "LUFS": -6.933615072529238,
        "peak_amplitude": 0.9562511444091797,
        "crest_factor": 3.3236096126176506,
        "dynamic_range": 0.23009219765663147,
        "compression_ratio": 14.444685660878621,
        "spectral_centroid": 2599.7921524941003,
        "spectral_bandwidth": 2637.8777981341054,
        "spectral_rolloff": 5653.564866360621,
        "spectral_flatness_mean": 0.03658086806535721,
        "spectral_flatness_std": 0.02460663579404354,
        "zero_crossing_rate": 0.12151004662522202,
        "spectral_flux_mean": 110.20289611816406,
        "spectral_flux_std": 48.24403381347656,
        "stereo_width": 0.2977809384525235,
        "sub_bass_energy": 14.647632598876953,
        "frequency_balance": {
            "low": 27.613983154296875,
            "mid": 5.7293243408203125,
            "high": 1.4068721532821655
        },
        "low_mid_ratio": 4.819762586899651,
        "mid_high_ratio": 4.072384464167713,
        "transient_density": 1.8450602468652038,
        "beat_strength": 0.0802718997001648,
        "onset_strength_mean": 1.0253394842147827,
        "onset_strength_std": 0.6056662201881409,
        "silence_ratio": 0.03152082516980146,
        "chroma_mean": [
            0.4661127030849457,
            0.6967355608940125,
            0.45316728949546814,
            0.5362222790718079,
            0.40802717208862305,
            0.5391958355903625,
            0.5746160745620728,
            0.43379586935043335,
            0.5790389776229858,
            0.411461740732193,
            0.5203703045845032,
            0.3911026418209076
        ],
        "chroma_std": [
            0.22368989884853363,
            0.26925671100616455,
            0.18422962725162506,
            0.2227942943572998,
            0.16678942739963531,
            0.2247454822063446,
            0.300273597240448,
            0.1840951293706894,
            0.2394987940788269,
            0.18037791550159454,
            0.26608526706695557,
            0.1747329831123352
        ],
        "mfcc_mean": [
            13.873140335083008,
            82.81085968017578,
            -2.223207950592041,
            25.456632614135742,
            9.468887329101562,
            3.624401330947876,
            -2.7305335998535156,
            6.233081340789795,
            -0.17457720637321472,
            4.006703853607178,
            0.567136287689209,
            4.634023666381836,
            -2.4012115001678467
        ],
        "mfcc_std": [
            81.34406280517578,
            22.002458572387695,
            21.202430725097656,
            10.923412322998047,
            10.056879997253418,
            9.623995780944824,
            7.796107769012451,
            7.428133010864258,
            6.537293910980225,
            5.7704973220825195,
            5.961982250213623,
            5.6655049324035645,
            6.157259464263916
        ],
        "spectral_contrast_mean": [
            21.951254164463116,
            14.882832611979314,
            17.305289363178446,
            17.629284367781832,
            17.114646152687687,
            16.943128382995624,
            45.61537372228619
        ],
        "spectral_contrast_std": [
            5.168681792578255,
            4.4026334745409885,
            4.222216366217475,
            3.4791852127843934,
            3.0661407275792336,
            2.9912577254069075,
            2.434411080737018
        ]
    }
}