{
    "track": "Back To December",
    "artist": "Taylor Swift",
    "genre": "pop",
    "features": {
        "tempo_bpm": 143.5546875,
        "tempo_stability": 0.01441558064237418,
        "key_signature": "D major",
        "harmonic_energy": 0.08980415761470795,
        "percussive_energy": 0.029904432594776154,
        "harmonic_percussive_ratio": 3.0030373356765176,
        "loudness_rms": 0.13217201828956604,
        "LUFS": -13.739364981793143,
        "peak_amplitude": 0.7164650559425354,
        "crest_factor": 5.420701075819798,
        "dynamic_range": 0.15128746628761292,
        "compression_ratio": 35.83046798609088,
        "spectral_centroid": 2691.034512704648,
        "spectral_bandwidth": 2701.8258351471013,
        "spectral_rolloff": 5793.61365816886,
        "spectral_flatness_mean": 0.04059702530503273,
        "spectral_flatness_std": 0.13358516991138458,
        "zero_crossing_rate": 0.11097503959551656,
        "spectral_flux_mean": 42.92505645751953,
        "spectral_flux_std": 25.486608505249023,
        "stereo_width": 0.22608999099326177,
        "sub_bass_energy": 7.392271995544434,
        "frequency_balance": {
            "low": 11.378373146057129,
            "mid": 2.0106799602508545,
            "high": 0.5953133702278137
        },
        "low_mid_ratio": 5.65896776931515,
        "mid_high_ratio": 3.37751514921672,
        "transient_density": 2.3910855622270746,
        "beat_strength": 0.07716015726327896,
        "onset_strength_mean": 1.2018730640411377,
        "onset_strength_std": 0.9049075245857239,
        "silence_ratio": 0.09185185613888022,
        "chroma_mean": [
            0.2584047019481659,
            0.34465381503105164,
            0.5570217370986938,
            0.24867317080497742,
            0.31527265906333923,
            0.239786759018898,
            0.3808193504810333,
            0.43892836570739746,
            0.25132042169570923,
            0.4342755079269409,
            0.2681688666343689,
            0.3858657479286194
        ],
        "chroma_std": [
            0.20080508291721344,
            0.24746018648147583,
            0.34632712602615356,
            0.18829800188541412,
            0.24892345070838928,
            0.17679916322231293,
            0.2648211121559143,
            0.3521844148635864,
            0.17509467899799347,
            0.28779521584510803,
            0.21313445270061493,
            0.310208261013031
        ],
        "mfcc_mean": [
            -105.96044158935547,
            69.06554412841797,
            5.497250080108643,
            32.68766403198242,
            11.20474910736084,
            2.079622507095337,
            6.383749961853027,
            1.6794846057891846,
            5.767501354217529,
            8.491721153259277,
            -2.4983623027801514,
            4.880960464477539,
            -2.264371871948242
        ],
        "mfcc_std": [
            98.36210632324219,
            27.670543670654297,
            20.249465942382812,
            14.87427043914795,
            10.648181915283203,
            12.846235275268555,
            11.026666641235352,
            10.455606460571289,
            9.206445693969727,
            10.766536712646484,
            9.533248901367188,
            8.795148849487305,
            8.812137603759766
        ],
        "spectral_contrast_mean": [
            21.477932167168227,
            17.232139640532196,
            20.95402854262061,
            22.165205430092634,
            20.168487160316495,
            21.18457368352997,
            46.66428453804595
        ],
        "spectral_contrast_std": [
            4.915802811351777,
            4.721400496923837,
            4.879359365516314,
            4.789557952486195,
            4.009025627765514,
            6.17575532706933,
            6.2522999757676025
        ]
    }
}