{
    "track": "Back to December",
    "artist": "Taylor Swift",
    "genre": "pop",
    "features": {
        "tempo_bpm": 143.5546875,
        "tempo_stability": 0.01441558064237418,
        "key_signature": "D major",
        "loudness_rms": 0.13217201828956604,
        "LUFS": -17.402498901200556,
        "peak_amplitude": 0.7164650559425354,
        "crest_factor": 5.420701485944509,
        "dynamic_range": 0.1512874811887741,
        "spectral_centroid": 2691.0669918148233,
        "spectral_bandwidth": 2701.832660204343,
        "spectral_rolloff": 5793.6564727247805,
        "spectral_flatness_mean": 0.04059701785445213,
        "spectral_flatness_std": 0.13358518481254578,
        "zero_crossing_rate": 0.11097503959551656,
        "stereo_width": 0.0,
        "sub_bass_energy": 7.392271995544434,
        "frequency_balance": {
            "low": 11.378373146057129,
            "mid": 2.0106799602508545,
            "high": 0.5953133702278137
        },
        "transient_density": 2.3910855622270746,
        "onset_strength_mean": 1.2018730640411377,
        "onset_strength_std": 0.9049075245857239,
        "silence_ratio": 0.09185170383655646,
        "mfcc_mean": [
            -105.96044158935547,
            69.06554412841797,
            5.497250080108643,
            32.68766403198242,
            11.204750061035156,
            2.079622268676758,
            6.383749961853027,
            1.6794846057891846,
            5.767501354217529,
            8.491721153259277,
            -2.4983623027801514,
            4.880960464477539,
            -2.264371871948242
        ],
        "mfcc_std": [
            98.36210632324219,
            27.670543670654297,
            20.249465942382812,
            14.874271392822266,
            10.648181915283203,
            12.846235275268555,
            11.026666641235352,
            10.455606460571289,
            9.206445693969727,
            10.766536712646484,
            9.533248901367188,
            8.795147895812988,
            8.812137603759766
        ],
        "spectral_contrast_mean": [
            21.47793320363638,
            17.23213941371136,
            20.95402820033112,
            22.165206190633857,
            20.16848757669134,
            21.18457039098723,
            46.647934385276606
        ],
        "spectral_contrast_std": [
            4.915810392409961,
            4.721400722636244,
            4.879359979973346,
            4.789559137393501,
            4.009027758358688,
            6.1757571221022625,
            6.233418480017398
        ]
    }
}