{
    "track": "Blinding Lights",
    "artist": "The Weeknd",
    "genre": "pop",
    "features": {
        "tempo_bpm": 86.1328125,
        "tempo_stability": 0.011342920652597028,
        "key_signature": "F minor",
        "loudness_rms": 0.33186203241348267,
        "LUFS": -10.711586201007805,
        "peak_amplitude": 1.1369178295135498,
        "crest_factor": 3.425874967513638,
        "dynamic_range": 0.40769103169441223,
        "spectral_centroid": 2119.660698066078,
        "spectral_bandwidth": 2323.2975163455844,
        "spectral_rolloff": 4554.7643673481225,
        "spectral_flatness_mean": 0.023104285821318626,
        "spectral_flatness_std": 0.09099670499563217,
        "zero_crossing_rate": 0.07874027341519133,
        "stereo_width": 0.0,
        "sub_bass_energy": 46.355072021484375,
        "frequency_balance": {
            "low": 35.155704498291016,
            "mid": 3.8487937450408936,
            "high": 1.1152163743972778
        },
        "transient_density": 2.9763737470013707,
        "onset_strength_mean": 1.2751814126968384,
        "onset_strength_std": 1.3986672163009644,
        "silence_ratio": 0.05512056095784784,
        "mfcc_mean": [
            -42.93973159790039,
            90.41878509521484,
            5.053068161010742,
            36.16075897216797,
            2.1213676929473877,
            15.702366828918457,
            4.645193576812744,
            10.252326965332031,
            0.8850436806678772,
            14.99096965789795,
            5.355874538421631,
            8.810359954833984,
            1.353617787361145
        ],
        "mfcc_std": [
            104.02476501464844,
            38.50083541870117,
            16.22660255432129,
            17.24233055114746,
            13.751401901245117,
            11.034547805786133,
            9.515408515930176,
            8.631834983825684,
            8.110404968261719,
            8.871899604797363,
            7.0016984939575195,
            7.351080894470215,
            7.284210681915283
        ],
        "spectral_contrast_mean": [
            21.744481516955435,
            15.112267655356048,
            19.170423179414474,
            18.867837622353527,
            17.981840594095377,
            17.937334192331893,
            48.897740024043365
        ],
        "spectral_contrast_std": [
            5.615883913267882,
            4.447097409273721,
            4.548561162218647,
            4.189766841030766,
            3.81231103575839,
            3.8433357014295773,
            4.933018057774685
        ]
    }
}