{
    "track": "Blinding Lights",
    "artist": "The Weeknd",
    "genre": "pop",
    "features": {
        "tempo_bpm": 86.1328125,
        "tempo_stability": 0.011342920652597028,
        "key_signature": "F minor",
        "harmonic_energy": 0.2133878767490387,
        "percussive_energy": 0.08393444120883942,
        "harmonic_percussive_ratio": 2.5423157437236705,
        "loudness_rms": 0.33186203241348267,
        "LUFS": -7.1520447592590175,
        "peak_amplitude": 1.1369178295135498,
        "crest_factor": 3.4258748642817367,
        "dynamic_range": 0.40769103169441223,
        "compression_ratio": 8.403115383755786,
        "spectral_centroid": 2119.6599707792875,
        "spectral_bandwidth": 2323.297369259969,
        "spectral_rolloff": 4554.763137582096,
        "spectral_flatness_mean": 0.02310398779809475,
        "spectral_flatness_std": 0.09099671244621277,
        "zero_crossing_rate": 0.07874027341519133,
        "spectral_flux_mean": 115.12995910644531,
        "spectral_flux_std": 79.96927642822266,
        "stereo_width": 0.16785721602738035,
        "sub_bass_energy": 46.355072021484375,
        "frequency_balance": {
            "low": 35.155704498291016,
            "mid": 3.8487937450408936,
            "high": 1.1152163743972778
        },
        "low_mid_ratio": 9.13421366168203,
        "mid_high_ratio": 3.4511631992575023,
        "transient_density": 2.9763737470013707,
        "beat_strength": 0.06776660680770874,
        "onset_strength_mean": 1.2751814126968384,
        "onset_strength_std": 1.3986672163009644,
        "silence_ratio": 0.05512056095784784,
        "chroma_mean": [
            0.5256514549255371,
            0.396584153175354,
            0.35074836015701294,
            0.46950626373291016,
            0.2990076243877411,
            0.6308305859565735,
            0.3997615575790405,
            0.42446497082710266,
            0.36755824089050293,
            0.31821995973587036,
            0.42764440178871155,
            0.30607664585113525
        ],
        "chroma_std": [
            0.32600724697113037,
            0.2620265781879425,
            0.2085437923669815,
            0.3271765410900116,
            0.17113913595676422,
            0.33318188786506653,
            0.2682490646839142,
            0.24009597301483154,
            0.2618419826030731,
            0.21564190089702606,
            0.2808258533477783,
            0.22543224692344666
        ],
        "mfcc_mean": [
            -42.93973159790039,
            90.41878509521484,
            5.0530686378479,
            36.16075897216797,
            2.1213676929473877,
            15.70236873626709,
            4.645193099975586,
            10.252326965332031,
            0.8850436210632324,
            14.990967750549316,
            5.355874538421631,
            8.810359954833984,
            1.3536176681518555
        ],
        "mfcc_std": [
            104.02476501464844,
            38.50083541870117,
            16.22660255432129,
            17.242328643798828,
            13.751401901245117,
            11.034547805786133,
            9.515408515930176,
            8.631834983825684,
            8.110404968261719,
            8.871899604797363,
            7.001698017120361,
            7.351080894470215,
            7.284210681915283
        ],
        "spectral_contrast_mean": [
            21.744484147002435,
            15.112267545040048,
            19.170422840142457,
            18.86783789622701,
            17.981840252904178,
            17.937331304247028,
            48.93888702831435
        ],
        "spectral_contrast_std": [
            5.6158925278839185,
            4.447097238798897,
            4.548558781997951,
            4.1897672316468535,
            3.812311582352846,
            3.8433242998523043,
            4.945450192401257
        ]
    }
}