{
    "track": "Bloody Mary",
    "artist": "Lady Gaga",
    "genre": "pop",
    "features": {
        "tempo_bpm": 99.38401442307692,
        "tempo_stability": 0.013480911892635618,
        "key_signature": "E minor",
        "loudness_rms": 0.22381319105625153,
        "LUFS": -13.402324279044366,
        "peak_amplitude": 1.1844333410263062,
        "crest_factor": 5.292062257083943,
        "dynamic_range": 0.40220144391059875,
        "spectral_centroid": 2287.561798025742,
        "spectral_bandwidth": 2516.125159039394,
        "spectral_rolloff": 4996.788052240586,
        "spectral_flatness_mean": 0.018790675327181816,
        "spectral_flatness_std": 0.03979085013270378,
        "zero_crossing_rate": 0.08924840698762916,
        "stereo_width": 0.0,
        "sub_bass_energy": 28.73958969116211,
        "frequency_balance": {
            "low": 22.101390838623047,
            "mid": 3.2424440383911133,
            "high": 0.7811068296432495
        },
        "transient_density": 1.9067132839163823,
        "onset_strength_mean": 1.2545361518859863,
        "onset_strength_std": 1.168648362159729,
        "silence_ratio": 0.07683273043467956,
        "mfcc_mean": [
            -61.6306037902832,
            91.3846206665039,
            3.400269031524658,
            23.311748504638672,
            0.2604498267173767,
            6.875275611877441,
            3.1923327445983887,
            7.819672107696533,
            -2.4743030071258545,
            7.7539191246032715,
            -1.7365797758102417,
            4.131607532501221,
            -1.3862040042877197
        ],
        "mfcc_std": [
            99.87346649169922,
            28.982807159423828,
            20.371292114257812,
            14.129681587219238,
            13.222512245178223,
            11.817208290100098,
            10.73585319519043,
            10.044025421142578,
            10.66698169708252,
            10.214016914367676,
            8.570381164550781,
            8.520792007446289,
            8.089093208312988
        ],
        "spectral_contrast_mean": [
            18.739970846209125,
            15.371583954087907,
            18.126092207840973,
            18.53497455623521,
            17.960932459753646,
            18.925293571677912,
            47.321578820149604
        ],
        "spectral_contrast_std": [
            4.996646077296759,
            4.411462572444276,
            4.354490906742548,
            3.887440276270646,
            3.307583183944073,
            4.4893137303979,
            3.331900003996677
        ]
    }
}