{
    "track": "Bloody Mary",
    "artist": "Lady Gaga",
    "genre": "pop",
    "features": {
        "tempo_bpm": 99.38401442307692,
        "tempo_stability": 0.013480911892635618,
        "key_signature": "E minor",
        "harmonic_energy": 0.12340345978736877,
        "percussive_energy": 0.07103326916694641,
        "harmonic_percussive_ratio": 1.737262607535533,
        "loudness_rms": 0.22381319105625153,
        "LUFS": -9.724808564075083,
        "peak_amplitude": 1.1844333410263062,
        "crest_factor": 5.292062020633982,
        "dynamic_range": 0.40220144391059875,
        "compression_ratio": 13.157739658022969,
        "spectral_centroid": 2287.5701835202267,
        "spectral_bandwidth": 2516.1282108250193,
        "spectral_rolloff": 4996.817650443762,
        "spectral_flatness_mean": 0.018790721893310547,
        "spectral_flatness_std": 0.03979095444083214,
        "zero_crossing_rate": 0.08925021217947199,
        "spectral_flux_mean": 80.69947052001953,
        "spectral_flux_std": 51.695926666259766,
        "stereo_width": 0.20034512672282068,
        "sub_bass_energy": 28.73958969116211,
        "frequency_balance": {
            "low": 22.101390838623047,
            "mid": 3.2424440383911133,
            "high": 0.7811068296432495
        },
        "low_mid_ratio": 6.816275164282222,
        "mid_high_ratio": 4.151089036516459,
        "transient_density": 1.9067132839163823,
        "beat_strength": 0.06338866055011749,
        "onset_strength_mean": 1.2545361518859863,
        "onset_strength_std": 1.168648362159729,
        "silence_ratio": 0.07683273043467956,
        "chroma_mean": [
            0.4331274926662445,
            0.30137938261032104,
            0.6817709803581238,
            0.7946010231971741,
            0.7674589157104492,
            0.536713182926178,
            0.3808715045452118,
            0.375892698764801,
            0.3270803391933441,
            0.4272293746471405,
            0.2832430899143219,
            0.34841489791870117
        ],
        "chroma_std": [
            0.19000530242919922,
            0.13145150244235992,
            0.25891175866127014,
            0.2936607599258423,
            0.20778298377990723,
            0.2021384984254837,
            0.1295282542705536,
            0.17663808166980743,
            0.13187217712402344,
            0.2584855556488037,
            0.12670525908470154,
            0.170734703540802
        ],
        "mfcc_mean": [
            -61.6306037902832,
            91.3846206665039,
            3.400269031524658,
            23.311748504638672,
            0.26044994592666626,
            6.875275611877441,
            3.1923329830169678,
            7.819672107696533,
            -2.4743030071258545,
            7.7539191246032715,
            -1.7365797758102417,
            4.131607532501221,
            -1.3862040042877197
        ],
        "mfcc_std": [
            99.87346649169922,
            28.982807159423828,
            20.371292114257812,
            14.129681587219238,
            13.222512245178223,
            11.817208290100098,
            10.73585319519043,
            10.044025421142578,
            10.66698169708252,
            10.21401596069336,
            8.570381164550781,
            8.520792007446289,
            8.089093208312988
        ],
        "spectral_contrast_mean": [
            18.739975426323234,
            15.371584059791083,
            18.12609217244068,
            18.53497487056623,
            17.960932668471262,
            18.92529644802301,
            47.3316472826764
        ],
        "spectral_contrast_std": [
            4.996667549747726,
            4.411462793524084,
            4.354490616876782,
            3.8874405145657054,
            3.307583377897412,
            4.489332191309216,
            3.3337748415639714
        ]
    }
}