{
    "track": "Chemical",
    "artist": "Post Malone",
    "genre": "pop",
    "features": {
        "tempo_bpm": 112.34714673913044,
        "tempo_stability": 0.010853530112957067,
        "key_signature": "D major",
        "loudness_rms": 0.2772795557975769,
        "LUFS": -11.423245052618679,
        "peak_amplitude": 1.0686836242675781,
        "crest_factor": 3.8541738902948617,
        "dynamic_range": 0.44027554988861084,
        "spectral_centroid": 2144.4404627006256,
        "spectral_bandwidth": 2412.1379033529597,
        "spectral_rolloff": 4748.7409689574115,
        "spectral_flatness_mean": 0.02124873362481594,
        "spectral_flatness_std": 0.07871079444885254,
        "zero_crossing_rate": 0.08213106678650442,
        "stereo_width": 0.0,
        "sub_bass_energy": 29.430784225463867,
        "frequency_balance": {
            "low": 27.513866424560547,
            "mid": 3.7153871059417725,
            "high": 0.8583889007568359
        },
        "transient_density": 4.606673370527248,
        "onset_strength_mean": 1.2769386768341064,
        "onset_strength_std": 1.3497718572616577,
        "silence_ratio": 0.06709696824819826,
        "mfcc_mean": [
            -50.35393142700195,
            90.14540100097656,
            2.3759803771972656,
            30.563220977783203,
            5.6866631507873535,
            15.647201538085938,
            -0.5371371507644653,
            10.78803539276123,
            3.0212864875793457,
            6.072997093200684,
            -1.2450766563415527,
            4.165656089782715,
            2.9989013671875
        ],
        "mfcc_std": [
            101.65945434570312,
            26.159194946289062,
            16.40349578857422,
            16.053539276123047,
            10.515796661376953,
            9.996356964111328,
            8.895222663879395,
            8.97043514251709,
            8.898837089538574,
            8.118029594421387,
            7.485569477081299,
            7.723489284515381,
            6.459843158721924
        ],
        "spectral_contrast_mean": [
            20.137064858988783,
            16.24317051104255,
            19.254096573375666,
            19.49403854955307,
            19.16385260937407,
            17.485718461266124,
            48.92844095595537
        ],
        "spectral_contrast_std": [
            5.300624099416918,
            4.565397434567135,
            4.384112982772506,
            3.9777014189396835,
            3.54117394164091,
            3.3824656456624536,
            4.847004838234243
        ]
    }
}