{
    "track": "Chemical",
    "artist": "Post Malone",
    "genre": "pop",
    "features": {
        "tempo_bpm": 112.34714673913044,
        "tempo_stability": 0.010853530112957067,
        "key_signature": "D major",
        "harmonic_energy": 0.17700086534023285,
        "percussive_energy": 0.06912343949079514,
        "harmonic_percussive_ratio": 2.560648616990726,
        "loudness_rms": 0.2772795557975769,
        "LUFS": -7.471599779271893,
        "peak_amplitude": 1.0686837434768677,
        "crest_factor": 3.8541741812198365,
        "dynamic_range": 0.44027554988861084,
        "compression_ratio": 8.754004383515946,
        "spectral_centroid": 2144.504369073598,
        "spectral_bandwidth": 2412.1312506175823,
        "spectral_rolloff": 4748.770913993363,
        "spectral_flatness_mean": 0.021248623728752136,
        "spectral_flatness_std": 0.07871079444885254,
        "zero_crossing_rate": 0.08213106678650442,
        "spectral_flux_mean": 100.47852325439453,
        "spectral_flux_std": 69.63654327392578,
        "stereo_width": 0.2930972012137687,
        "sub_bass_energy": 29.430784225463867,
        "frequency_balance": {
            "low": 27.513866424560547,
            "mid": 3.7153871059417725,
            "high": 0.8583889007568359
        },
        "low_mid_ratio": 7.405383494631181,
        "mid_high_ratio": 4.3283260761907325,
        "transient_density": 4.606673370527248,
        "beat_strength": 0.09210557490587234,
        "onset_strength_mean": 1.2769386768341064,
        "onset_strength_std": 1.3497718572616577,
        "silence_ratio": 0.06709696824819826,
        "chroma_mean": [
            0.2711929380893707,
            0.31608664989471436,
            0.5945993661880493,
            0.36192744970321655,
            0.5301722884178162,
            0.4274192452430725,
            0.5677635073661804,
            0.6544997692108154,
            0.42643362283706665,
            0.5088202953338623,
            0.37867799401283264,
            0.43184927105903625
        ],
        "chroma_std": [
            0.13332241773605347,
            0.13409189879894257,
            0.25773414969444275,
            0.17659851908683777,
            0.28274035453796387,
            0.2037951499223709,
            0.2509435713291168,
            0.3202175199985504,
            0.22244864702224731,
            0.2668047547340393,
            0.2025129646062851,
            0.23892827332019806
        ],
        "mfcc_mean": [
            -50.35393142700195,
            90.14539337158203,
            2.3759796619415283,
            30.563220977783203,
            5.686663627624512,
            15.647200584411621,
            -0.5371367931365967,
            10.78803539276123,
            3.0212862491607666,
            6.072997093200684,
            -1.2450766563415527,
            4.165656089782715,
            2.9989013671875
        ],
        "mfcc_std": [
            101.65945434570312,
            26.159194946289062,
            16.40349578857422,
            16.053539276123047,
            10.515796661376953,
            9.996356964111328,
            8.895222663879395,
            8.97043514251709,
            8.898837089538574,
            8.118029594421387,
            7.485569953918457,
            7.723489284515381,
            6.459843158721924
        ],
        "spectral_contrast_mean": [
            20.13706198259478,
            16.243170567155797,
            19.254096851549598,
            19.494038976603875,
            19.163853283875245,
            17.48571764573333,
            48.958987193501976
        ],
        "spectral_contrast_std": [
            5.30060803232748,
            4.565397717469446,
            4.384113119355119,
            3.97770207580876,
            3.541174995015313,
            3.382462961983332,
            4.883041266494843
        ]
    }
}