{
    "track": "Don't Start Now",
    "artist": "Dua Lipa",
    "genre": "pop",
    "features": {
        "tempo_bpm": 123.046875,
        "tempo_stability": 0.012065309389359461,
        "key_signature": "E minor",
        "loudness_rms": 0.23783183097839355,
        "LUFS": -11.798552176473077,
        "peak_amplitude": 1.1854298114776611,
        "crest_factor": 4.984319410068178,
        "dynamic_range": 0.4888361692428589,
        "spectral_centroid": 2499.081331525569,
        "spectral_bandwidth": 2616.959013953287,
        "spectral_rolloff": 5538.619706531593,
        "spectral_flatness_mean": 0.02789013832807541,
        "spectral_flatness_std": 0.06155141443014145,
        "zero_crossing_rate": 0.10437864928334856,
        "stereo_width": 0.0,
        "sub_bass_energy": 18.823497772216797,
        "frequency_balance": {
            "low": 23.381694793701172,
            "mid": 3.1194236278533936,
            "high": 0.9429464936256409
        },
        "transient_density": 2.951269257701129,
        "onset_strength_mean": 1.5866823196411133,
        "onset_strength_std": 2.219604015350342,
        "silence_ratio": 0.11962946513319637,
        "mfcc_mean": [
            -84.72977447509766,
            77.15441131591797,
            9.134711265563965,
            16.813188552856445,
            12.091506958007812,
            7.370993137359619,
            3.3782265186309814,
            5.017947673797607,
            0.4510272741317749,
            6.427987098693848,
            -1.9374216794967651,
            4.218457221984863,
            -1.967517614364624
        ],
        "mfcc_std": [
            128.8423614501953,
            39.80738830566406,
            27.887399673461914,
            21.450674057006836,
            15.777053833007812,
            15.0531644821167,
            12.291722297668457,
            11.527389526367188,
            9.396257400512695,
            9.586031913757324,
            8.830066680908203,
            7.8784260749816895,
            8.27882194519043
        ],
        "spectral_contrast_mean": [
            19.916317258645492,
            15.4678992843095,
            18.86721154417904,
            18.400472346174865,
            18.41352480731341,
            17.772268227395518,
            46.696417447272054
        ],
        "spectral_contrast_std": [
            5.071205749124093,
            4.638323056486793,
            4.976282178903926,
            4.679931770931048,
            4.456174007362925,
            4.000315924855252,
            5.157058944488377
        ]
    }
}