{
    "track": "Don't Start Now",
    "artist": "Dua Lipa",
    "genre": "pop",
    "features": {
        "tempo_bpm": 123.046875,
        "tempo_stability": 0.012065309389359461,
        "key_signature": "E minor",
        "harmonic_energy": 0.12531349062919617,
        "percussive_energy": 0.08036123216152191,
        "harmonic_percussive_ratio": 1.5593772228821772,
        "loudness_rms": 0.23783183097839355,
        "LUFS": -8.29587576191656,
        "peak_amplitude": 1.1854298114776611,
        "crest_factor": 4.984319200494919,
        "dynamic_range": 0.4888361692428589,
        "compression_ratio": 10.196297680370048,
        "spectral_centroid": 2498.937341851157,
        "spectral_bandwidth": 2616.990998265663,
        "spectral_rolloff": 5538.554536375949,
        "spectral_flatness_mean": 0.02789011225104332,
        "spectral_flatness_std": 0.06155145913362503,
        "zero_crossing_rate": 0.10437864928334856,
        "spectral_flux_mean": 103.2338638305664,
        "spectral_flux_std": 84.88048553466797,
        "stereo_width": 0.14777101186469044,
        "sub_bass_energy": 18.823497772216797,
        "frequency_balance": {
            "low": 23.381694793701172,
            "mid": 3.1194236278533936,
            "high": 0.9429464936256409
        },
        "low_mid_ratio": 7.495517604589,
        "mid_high_ratio": 3.3081660686573113,
        "transient_density": 2.951269257701129,
        "beat_strength": 0.05524782836437225,
        "onset_strength_mean": 1.5866823196411133,
        "onset_strength_std": 2.219604015350342,
        "silence_ratio": 0.11962968820721434,
        "chroma_mean": [
            0.35442185401916504,
            0.39434775710105896,
            0.535708487033844,
            0.46309801936149597,
            0.5805521011352539,
            0.47116994857788086,
            0.5955724120140076,
            0.6278208494186401,
            0.4966144859790802,
            0.47161930799484253,
            0.41828128695487976,
            0.5111716985702515
        ],
        "chroma_std": [
            0.1960536688566208,
            0.21253088116645813,
            0.2698066532611847,
            0.23794770240783691,
            0.3252774178981781,
            0.26235491037368774,
            0.2718949615955353,
            0.3290818929672241,
            0.27053025364875793,
            0.25968238711357117,
            0.2376546561717987,
            0.29007863998413086
        ],
        "mfcc_mean": [
            -84.72977447509766,
            77.15441131591797,
            9.134711265563965,
            16.813188552856445,
            12.091506958007812,
            7.370993137359619,
            3.3782265186309814,
            5.017947673797607,
            0.45102739334106445,
            6.427987098693848,
            -1.9374219179153442,
            4.218457221984863,
            -1.967517614364624
        ],
        "mfcc_std": [
            128.8423614501953,
            39.80738830566406,
            27.887399673461914,
            21.450674057006836,
            15.777053833007812,
            15.053165435791016,
            12.291722297668457,
            11.527389526367188,
            9.396257400512695,
            9.586031913757324,
            8.830066680908203,
            7.8784260749816895,
            8.278822898864746
        ],
        "spectral_contrast_mean": [
            19.916316760923355,
            15.46789962543146,
            18.8672101564572,
            18.40047237568804,
            18.41352541804697,
            17.772263335868953,
            46.696766745305816
        ],
        "spectral_contrast_std": [
            5.071194676724831,
            4.638322961085045,
            4.976280260980622,
            4.679932470130698,
            4.456175339865441,
            4.000306452811724,
            5.157232528988054
        ]
    }
}