{
    "track": "Genie in a Bottle",
    "artist": "Christina Aguilera",
    "genre": "pop",
    "features": {
        "tempo_bpm": 117.45383522727273,
        "tempo_stability": 0.019773430172116687,
        "key_signature": "F minor",
        "harmonic_energy": 0.10421162843704224,
        "percussive_energy": 0.06626710295677185,
        "harmonic_percussive_ratio": 1.5725994959977028,
        "loudness_rms": 0.19412954151630402,
        "LUFS": -10.833000386275584,
        "peak_amplitude": 1.0315324068069458,
        "crest_factor": 5.313628959372074,
        "dynamic_range": 0.26525574922561646,
        "compression_ratio": 20.03209647505713,
        "spectral_centroid": 2378.25361124801,
        "spectral_bandwidth": 2604.7301671708665,
        "spectral_rolloff": 5112.181624682398,
        "spectral_flatness_mean": 0.026729250326752663,
        "spectral_flatness_std": 0.07453680783510208,
        "zero_crossing_rate": 0.10442945909357661,
        "spectral_flux_mean": 89.04275512695312,
        "spectral_flux_std": 49.376102447509766,
        "stereo_width": 0.12606424575017638,
        "sub_bass_energy": 8.449461936950684,
        "frequency_balance": {
            "low": 16.478099822998047,
            "mid": 2.882861852645874,
            "high": 0.6278724074363708
        },
        "low_mid_ratio": 5.715882552858271,
        "mid_high_ratio": 4.591477141831964,
        "transient_density": 4.103969777104898,
        "beat_strength": 0.07515980303287506,
        "onset_strength_mean": 1.9351128339767456,
        "onset_strength_std": 2.3901259899139404,
        "silence_ratio": 0.06279491749813254,
        "chroma_mean": [
            0.5975757241249084,
            0.5810468196868896,
            0.47838661074638367,
            0.5629687905311584,
            0.5656562447547913,
            0.6408976316452026,
            0.4848344326019287,
            0.5060489773750305,
            0.5841361880302429,
            0.45456671714782715,
            0.5055181980133057,
            0.46518588066101074
        ],
        "chroma_std": [
            0.275581032037735,
            0.29485753178596497,
            0.22009912133216858,
            0.25719693303108215,
            0.2338167428970337,
            0.25927215814590454,
            0.19973289966583252,
            0.20517565310001373,
            0.25657764077186584,
            0.2019616663455963,
            0.2541571855545044,
            0.23627108335494995
        ],
        "mfcc_mean": [
            -90.10922241210938,
            88.37359619140625,
            2.997387170791626,
            14.683880805969238,
            10.247220993041992,
            -0.8440618515014648,
            8.993751525878906,
            -0.14192120730876923,
            2.1850738525390625,
            5.95973539352417,
            -6.213016510009766,
            1.378823161125183,
            -1.2774062156677246
        ],
        "mfcc_std": [
            87.3223648071289,
            32.553489685058594,
            34.45808029174805,
            20.8100528717041,
            17.442840576171875,
            18.422868728637695,
            15.299809455871582,
            13.423636436462402,
            13.41751480102539,
            12.082859992980957,
            11.587329864501953,
            9.016617774963379,
            9.440903663635254
        ],
        "spectral_contrast_mean": [
            22.71214949292285,
            16.190032647305067,
            19.919902131258116,
            19.48285309098305,
            19.79982600074432,
            20.754741702467705,
            45.34443172150759
        ],
        "spectral_contrast_std": [
            6.183268214225034,
            5.43722602326039,
            5.300564939175107,
            5.003334684506219,
            4.736108463054747,
            6.025126721649247,
            3.761412644119568
        ]
    }
}