{
    "track": "Genie in a Bottle",
    "artist": "Christina Aguilera",
    "genre": "pop",
    "features": {
        "tempo_bpm": 117.45383522727273,
        "tempo_stability": 0.019773430172116687,
        "key_signature": "F minor",
        "loudness_rms": 0.19412954151630402,
        "LUFS": -14.25677027010961,
        "peak_amplitude": 1.0315325260162354,
        "crest_factor": 5.313629847158537,
        "dynamic_range": 0.26525574922561646,
        "spectral_centroid": 2378.275395344883,
        "spectral_bandwidth": 2604.7434987102024,
        "spectral_rolloff": 5112.217237641045,
        "spectral_flatness_mean": 0.026729241013526917,
        "spectral_flatness_std": 0.0745367556810379,
        "zero_crossing_rate": 0.10443279349391806,
        "stereo_width": 0.0,
        "sub_bass_energy": 8.449461936950684,
        "frequency_balance": {
            "low": 16.478099822998047,
            "mid": 2.882862091064453,
            "high": 0.6278724074363708
        },
        "transient_density": 4.103969777104898,
        "onset_strength_mean": 1.9351128339767456,
        "onset_strength_std": 2.3901259899139404,
        "silence_ratio": 0.06279491749813254,
        "mfcc_mean": [
            -90.10922241210938,
            88.37359619140625,
            2.997386932373047,
            14.683880805969238,
            10.247220993041992,
            -0.8440623879432678,
            8.99375057220459,
            -0.14192119240760803,
            2.1850738525390625,
            5.95973539352417,
            -6.213016986846924,
            1.378823161125183,
            -1.277406096458435
        ],
        "mfcc_std": [
            87.3223648071289,
            32.553489685058594,
            34.45808029174805,
            20.810054779052734,
            17.442840576171875,
            18.422868728637695,
            15.299809455871582,
            13.423635482788086,
            13.41751480102539,
            12.082859992980957,
            11.587329864501953,
            9.016616821289062,
            9.440903663635254
        ],
        "spectral_contrast_mean": [
            22.712144249775438,
            16.19003249781316,
            19.919901770273437,
            19.48285376227492,
            19.7998281816241,
            20.75475082964856,
            45.33786110451742
        ],
        "spectral_contrast_std": [
            6.183261136220827,
            5.4372252502592975,
            5.300564549184622,
            5.003335984474591,
            4.7361140372527215,
            6.025157763449481,
            3.754600260491595
        ]
    }
}