{
    "track": "Get Lucky",
    "artist": "Daft Punk",
    "genre": "pop",
    "features": {
        "tempo_bpm": 117.45383522727273,
        "tempo_stability": 0.011346189705965161,
        "key_signature": "F# minor",
        "harmonic_energy": 0.11223657429218292,
        "percussive_energy": 0.07257596403360367,
        "harmonic_percussive_ratio": 1.5464701064875253,
        "loudness_rms": 0.22266677021980286,
        "LUFS": -10.68544096342314,
        "peak_amplitude": 1.1394785642623901,
        "crest_factor": 5.117416092052741,
        "dynamic_range": 0.32647454738616943,
        "compression_ratio": 15.674777639715492,
        "spectral_centroid": 2013.6114078213209,
        "spectral_bandwidth": 2493.7199141938236,
        "spectral_rolloff": 4676.429930387453,
        "spectral_flatness_mean": 0.015638917684555054,
        "spectral_flatness_std": 0.06726544350385666,
        "zero_crossing_rate": 0.06953129556987868,
        "spectral_flux_mean": 92.69575500488281,
        "spectral_flux_std": 60.68741226196289,
        "stereo_width": 0.05734372261022225,
        "sub_bass_energy": 24.05248260498047,
        "frequency_balance": {
            "low": 24.422149658203125,
            "mid": 2.365377902984619,
            "high": 0.5469322204589844
        },
        "low_mid_ratio": 10.3248404934108,
        "mid_high_ratio": 4.3248098598972655,
        "transient_density": 5.28180491063095,
        "beat_strength": 0.0700925812125206,
        "onset_strength_mean": 1.785191297531128,
        "onset_strength_std": 2.222498893737793,
        "silence_ratio": 0.07325841189098375,
        "chroma_mean": [
            0.5205533504486084,
            0.58720862865448,
            0.6098095178604126,
            0.5023594498634338,
            0.557401716709137,
            0.5467255115509033,
            0.6712612509727478,
            0.492920458316803,
            0.6754409074783325,
            0.6655228734016418,
            0.559165894985199,
            0.6358588337898254
        ],
        "chroma_std": [
            0.18674498796463013,
            0.2052757889032364,
            0.25614702701568604,
            0.18161633610725403,
            0.23959439992904663,
            0.20021264255046844,
            0.24537073075771332,
            0.17173171043395996,
            0.24474945664405823,
            0.21821878850460052,
            0.18956156075000763,
            0.24491827189922333
        ],
        "mfcc_mean": [
            -91.59086608886719,
            95.61776733398438,
            15.164952278137207,
            32.51902770996094,
            16.487184524536133,
            11.448628425598145,
            1.8106560707092285,
            6.501182556152344,
            0.6313433051109314,
            5.472328186035156,
            -1.9849048852920532,
            2.9848556518554688,
            -4.106884479522705
        ],
        "mfcc_std": [
            81.684326171875,
            31.307086944580078,
            21.06704330444336,
            17.27955436706543,
            13.9132661819458,
            11.683812141418457,
            11.68150806427002,
            9.334288597106934,
            9.043567657470703,
            8.450242042541504,
            8.703802108764648,
            7.259492874145508,
            7.816689491271973
        ],
        "spectral_contrast_mean": [
            16.512775318890572,
            14.839370197903536,
            18.898826374270442,
            18.396163492796784,
            18.515563229338316,
            18.86887122067783,
            45.837610837060446
        ],
        "spectral_contrast_std": [
            4.538623306595908,
            4.236086797005493,
            4.56240117558283,
            4.463380421508903,
            3.8337470110393617,
            4.727791655387429,
            4.329746686974304
        ]
    }
}