{
    "track": "Get Lucky",
    "artist": "Daft Punk",
    "genre": "pop",
    "features": {
        "tempo_bpm": 117.45383522727273,
        "tempo_stability": 0.011346189705965161,
        "key_signature": "F# minor",
        "loudness_rms": 0.22266677021980286,
        "LUFS": -13.881017956535576,
        "peak_amplitude": 1.1394786834716797,
        "crest_factor": 5.117416857247522,
        "dynamic_range": 0.32647454738616943,
        "spectral_centroid": 2013.6114092542691,
        "spectral_bandwidth": 2493.719918928309,
        "spectral_rolloff": 4676.4289255716285,
        "spectral_flatness_mean": 0.015638919547200203,
        "spectral_flatness_std": 0.06726544350385666,
        "zero_crossing_rate": 0.06953129556987868,
        "stereo_width": 0.0,
        "sub_bass_energy": 24.05248260498047,
        "frequency_balance": {
            "low": 24.422149658203125,
            "mid": 2.365377902984619,
            "high": 0.5469322204589844
        },
        "transient_density": 5.28180491063095,
        "onset_strength_mean": 1.785191297531128,
        "onset_strength_std": 2.222498893737793,
        "silence_ratio": 0.07325841189098375,
        "mfcc_mean": [
            -91.59086608886719,
            95.61776733398438,
            15.164952278137207,
            32.51902770996094,
            16.487184524536133,
            11.448628425598145,
            1.8106560707092285,
            6.501182556152344,
            0.6313431262969971,
            5.4723286628723145,
            -1.9849048852920532,
            2.9848554134368896,
            -4.106884479522705
        ],
        "mfcc_std": [
            81.684326171875,
            31.307086944580078,
            21.06704330444336,
            17.27955436706543,
            13.913265228271484,
            11.683812141418457,
            11.68150806427002,
            9.334287643432617,
            9.04356861114502,
            8.450241088867188,
            8.703802108764648,
            7.259492874145508,
            7.8166890144348145
        ],
        "spectral_contrast_mean": [
            16.51277088031407,
            14.839370157548013,
            18.898826244350182,
            18.39616359270691,
            18.515563204823508,
            18.868868454502127,
            45.82697159778667
        ],
        "spectral_contrast_std": [
            4.538587055426411,
            4.236086917819731,
            4.562400852297996,
            4.463380945535656,
            3.833747910846971,
            4.72777846924838,
            4.324184103890845
        ]
    }
}