{
    "track": "Adagio For Strings",
    "artist": "Tiesto",
    "genre": "edm",
    "features": {
        "tempo_bpm": 143.5546875,
        "tempo_stability": 0.01276154735415327,
        "key_signature": "A# minor",
        "harmonic_energy": 0.04917416349053383,
        "percussive_energy": 0.02102985419332981,
        "harmonic_percussive_ratio": 2.3383015238933753,
        "loudness_rms": 0.0792158767580986,
        "LUFS": -18.000036045540174,
        "peak_amplitude": 0.37257733941078186,
        "crest_factor": 4.703315896071713,
        "dynamic_range": 0.08665496110916138,
        "compression_ratio": 54.27635409567942,
        "spectral_centroid": 2938.537656946405,
        "spectral_bandwidth": 2601.0425533274256,
        "spectral_rolloff": 5930.687628431297,
        "spectral_flatness_mean": 0.049293775111436844,
        "spectral_flatness_std": 0.046381499618291855,
        "zero_crossing_rate": 0.1430839196086172,
        "spectral_flux_mean": 31.672903060913086,
        "spectral_flux_std": 15.757952690124512,
        "stereo_width": 0.2080594935699389,
        "sub_bass_energy": 4.0750627517700195,
        "frequency_balance": {
            "low": 6.686850070953369,
            "mid": 1.5555946826934814,
            "high": 0.4701243042945862
        },
        "low_mid_ratio": 4.298581180792807,
        "mid_high_ratio": 3.308900721349896,
        "transient_density": 2.7545011104060912,
        "beat_strength": 0.055073339492082596,
        "onset_strength_mean": 1.1771327257156372,
        "onset_strength_std": 1.0477793216705322,
        "silence_ratio": 0.12374903059785675,
        "chroma_mean": [
            0.620770275592804,
            0.5258117914199829,
            0.4133257269859314,
            0.468845397233963,
            0.40199413895606995,
            0.5413580536842346,
            0.5135020017623901,
            0.4288274645805359,
            0.521839439868927,
            0.6664329171180725,
            0.6528825163841248,
            0.46986281871795654
        ],
        "chroma_std": [
            0.2678568363189697,
            0.2424287497997284,
            0.20783358812332153,
            0.23338904976844788,
            0.17444488406181335,
            0.2655094265937805,
            0.21846114099025726,
            0.18803183734416962,
            0.2623927891254425,
            0.315411239862442,
            0.2686328589916229,
            0.21690379083156586
        ],
        "mfcc_mean": [
            -109.85870361328125,
            60.72422790527344,
            -16.609777450561523,
            27.094738006591797,
            0.494075745344162,
            10.604650497436523,
            -4.512598991394043,
            6.293194770812988,
            -2.818368673324585,
            4.879335880279541,
            -2.920417070388794,
            4.1053147315979,
            -0.7596834301948547
        ],
        "mfcc_std": [
            62.45761489868164,
            20.06051254272461,
            17.182828903198242,
            11.861431121826172,
            11.404619216918945,
            11.683408737182617,
            8.838647842407227,
            7.9978132247924805,
            7.645204544067383,
            8.029054641723633,
            8.2551851272583,
            7.275148868560791,
            7.32745885848999
        ],
        "spectral_contrast_mean": [
            20.606942198462107,
            13.758173619709435,
            18.406863949039714,
            16.70133317946876,
            17.018687073096377,
            17.314260379036778,
            49.69966205543285
        ],
        "spectral_contrast_std": [
            5.371641909467397,
            4.654756849260271,
            4.336684006936687,
            3.58350975982813,
            3.2259404675008,
            3.0279366530335325,
            4.0129789382200185
        ]
    }
}