{
    "track": "Adagio For Strings",
    "artist": "Tiesto",
    "genre": "edm",
    "features": {
        "tempo_bpm": 143.5546875,
        "tempo_stability": 0.01276154735415327,
        "key_signature": "A# minor",
        "loudness_rms": 0.0792158767580986,
        "LUFS": -21.659857989297777,
        "peak_amplitude": 0.37257733941078186,
        "crest_factor": 4.703316489805708,
        "dynamic_range": 0.08665496110916138,
        "spectral_centroid": 2938.5376554723375,
        "spectral_bandwidth": 2601.042551652583,
        "spectral_rolloff": 5930.686414061619,
        "spectral_flatness_mean": 0.049293793737888336,
        "spectral_flatness_std": 0.04638155177235603,
        "zero_crossing_rate": 0.1430839196086172,
        "stereo_width": 0.0,
        "sub_bass_energy": 4.0750627517700195,
        "frequency_balance": {
            "low": 6.686850070953369,
            "mid": 1.5555946826934814,
            "high": 0.4701243042945862
        },
        "transient_density": 2.7545011104060912,
        "onset_strength_mean": 1.1771327257156372,
        "onset_strength_std": 1.0477793216705322,
        "silence_ratio": 0.12374903059785675,
        "mfcc_mean": [
            -109.85870361328125,
            60.72422790527344,
            -16.609777450561523,
            27.094738006591797,
            0.49407535791397095,
            10.604650497436523,
            -4.512598991394043,
            6.293194770812988,
            -2.818368673324585,
            4.879335880279541,
            -2.920417070388794,
            4.1053147315979,
            -0.7596835494041443
        ],
        "mfcc_std": [
            62.45761489868164,
            20.06051254272461,
            17.182828903198242,
            11.861431121826172,
            11.404619216918945,
            11.683408737182617,
            8.838647842407227,
            7.9978132247924805,
            7.645204544067383,
            8.029054641723633,
            8.2551851272583,
            7.275148868560791,
            7.32745885848999
        ],
        "spectral_contrast_mean": [
            20.60694717869716,
            13.758173232443294,
            18.40686394822693,
            16.70133306186318,
            17.018687213444615,
            17.314260471081827,
            49.69802683800955
        ],
        "spectral_contrast_std": [
            5.371674937696101,
            4.6547567931615905,
            4.336683146016402,
            3.5835094545310766,
            3.2259404450063953,
            3.027936389814082,
            4.012987294798721
        ]
    }
}