{
    "track": "Break Through the Silence",
    "artist": "Martin Garrix",
    "genre": "edm",
    "features": {
        "tempo_bpm": 129.19921875,
        "tempo_stability": 0.013971594547862802,
        "key_signature": "B minor",
        "loudness_rms": 0.270537406206131,
        "LUFS": -11.730661874487028,
        "peak_amplitude": 1.0837376117706299,
        "crest_factor": 4.0058697500222795,
        "dynamic_range": 0.307452917098999,
        "spectral_centroid": 2791.909142047208,
        "spectral_bandwidth": 2744.834712075581,
        "spectral_rolloff": 6082.872210213308,
        "spectral_flatness_mean": 0.04438895732164383,
        "spectral_flatness_std": 0.0945277214050293,
        "zero_crossing_rate": 0.11282029055477528,
        "stereo_width": 0.0,
        "sub_bass_energy": 21.343767166137695,
        "frequency_balance": {
            "low": 24.829986572265625,
            "mid": 3.987379550933838,
            "high": 1.309236764907837
        },
        "transient_density": 3.982880362259804,
        "onset_strength_mean": 1.229793667793274,
        "onset_strength_std": 1.01082181930542,
        "silence_ratio": 0.047501826047870545,
        "mfcc_mean": [
            -21.904552459716797,
            74.80433654785156,
            1.9133528470993042,
            20.848594665527344,
            4.820473670959473,
            6.75037956237793,
            4.981816291809082,
            8.872058868408203,
            3.5818004608154297,
            3.2575793266296387,
            -0.3324510455131531,
            0.5131678581237793,
            -0.7130293846130371
        ],
        "mfcc_std": [
            80.05797576904297,
            36.98168182373047,
            18.456846237182617,
            16.105018615722656,
            10.01856517791748,
            9.84569263458252,
            9.801342964172363,
            9.0287504196167,
            8.509751319885254,
            7.323150634765625,
            7.596360683441162,
            7.1556477546691895,
            8.546340942382812
        ],
        "spectral_contrast_mean": [
            20.684845954084253,
            14.357727155325861,
            17.870693714472214,
            18.58272852575332,
            17.907813929544094,
            17.579757039817935,
            45.77876576491411
        ],
        "spectral_contrast_std": [
            5.204836626616106,
            4.337782652215186,
            4.496975330915609,
            4.340865003517736,
            3.605264735622557,
            3.495986329592562,
            4.97557161285682
        ]
    }
}