{
    "track": "Break Through The Silence",
    "artist": "Martin Garrix vs Matisse & Sadko",
    "genre": "edm",
    "features": {
        "tempo_bpm": 129.19921875,
        "tempo_stability": 0.013971594547862802,
        "key_signature": "B minor",
        "harmonic_energy": 0.17445828020572662,
        "percussive_energy": 0.06933707743883133,
        "harmonic_percussive_ratio": 2.5160889597451357,
        "loudness_rms": 0.270537406206131,
        "LUFS": -7.578756814033562,
        "peak_amplitude": 1.0837376117706299,
        "crest_factor": 4.005869601951458,
        "dynamic_range": 0.307452917098999,
        "compression_ratio": 13.029212763557716,
        "spectral_centroid": 2791.907992435755,
        "spectral_bandwidth": 2744.8312207603663,
        "spectral_rolloff": 6082.868581021769,
        "spectral_flatness_mean": 0.04438890144228935,
        "spectral_flatness_std": 0.09452774375677109,
        "zero_crossing_rate": 0.11282029055477528,
        "spectral_flux_mean": 105.35011291503906,
        "spectral_flux_std": 59.54726791381836,
        "stereo_width": 0.412937079267338,
        "sub_bass_energy": 21.34376335144043,
        "frequency_balance": {
            "low": 24.829986572265625,
            "mid": 3.987379550933838,
            "high": 1.309236764907837
        },
        "low_mid_ratio": 6.22714396581059,
        "mid_high_ratio": 3.0455755806389777,
        "transient_density": 3.982880362259804,
        "beat_strength": 0.08944292366504669,
        "onset_strength_mean": 1.229793667793274,
        "onset_strength_std": 1.01082181930542,
        "silence_ratio": 0.047501826047870545,
        "chroma_mean": [
            0.4213157594203949,
            0.4330959916114807,
            0.4925820827484131,
            0.371148020029068,
            0.4451134204864502,
            0.38232365250587463,
            0.4993046224117279,
            0.453235000371933,
            0.5872859358787537,
            0.623914361000061,
            0.5029106736183167,
            0.7473167181015015
        ],
        "chroma_std": [
            0.20128466188907623,
            0.22256004810333252,
            0.263702392578125,
            0.185878723859787,
            0.24801723659038544,
            0.19787868857383728,
            0.20971402525901794,
            0.22886990010738373,
            0.3275664746761322,
            0.28455206751823425,
            0.22329537570476532,
            0.271136999130249
        ],
        "mfcc_mean": [
            -21.904552459716797,
            74.80433654785156,
            1.913352370262146,
            20.848594665527344,
            4.820473670959473,
            6.750380039215088,
            4.981816291809082,
            8.872058868408203,
            3.5818004608154297,
            3.2575793266296387,
            -0.33245107531547546,
            0.5131679177284241,
            -0.7130295038223267
        ],
        "mfcc_std": [
            80.05797576904297,
            36.98168182373047,
            18.456846237182617,
            16.105018615722656,
            10.01856517791748,
            9.84569263458252,
            9.801342964172363,
            9.0287504196167,
            8.50975227355957,
            7.323150634765625,
            7.596360206604004,
            7.155648231506348,
            8.546340942382812
        ],
        "spectral_contrast_mean": [
            20.684846540488614,
            14.357727107931826,
            17.87069357102242,
            18.58272851080577,
            17.90781409144123,
            17.579757782706853,
            45.76454092453858
        ],
        "spectral_contrast_std": [
            5.204839751380778,
            4.337782475376139,
            4.496974724154699,
            4.340864824695535,
            3.6052647841625816,
            3.4959882624665752,
            4.943778591277778
        ]
    }
}