{
    "track": "Call me a Spaceman",
    "artist": "Hardwell and Mitch Crown",
    "genre": "edm",
    "features": {
        "tempo_bpm": 129.19921875,
        "tempo_stability": 0.01735632456254392,
        "key_signature": "D# major",
        "loudness_rms": 0.3397519588470459,
        "LUFS": -9.332918287339208,
        "peak_amplitude": 1.1587109565734863,
        "crest_factor": 3.410461445183692,
        "dynamic_range": 0.46645522117614746,
        "spectral_centroid": 2891.947840561107,
        "spectral_bandwidth": 2809.381711910648,
        "spectral_rolloff": 6364.419638525623,
        "spectral_flatness_mean": 0.05254340544342995,
        "spectral_flatness_std": 0.10723456740379333,
        "zero_crossing_rate": 0.1269186427005966,
        "stereo_width": 0.0,
        "sub_bass_energy": 28.840185165405273,
        "frequency_balance": {
            "low": 28.385347366333008,
            "mid": 5.702457904815674,
            "high": 1.8598383665084839
        },
        "transient_density": 3.1780616399780808,
        "onset_strength_mean": 1.1592750549316406,
        "onset_strength_std": 0.8381388187408447,
        "silence_ratio": 0.05480118652581588,
        "mfcc_mean": [
            7.9319658279418945,
            66.36830139160156,
            -0.3373805284500122,
            10.397430419921875,
            4.100766658782959,
            7.492688179016113,
            -0.6918829083442688,
            6.325401782989502,
            -1.3926217555999756,
            4.063876152038574,
            0.19423808157444,
            3.497302770614624,
            -1.400543212890625
        ],
        "mfcc_std": [
            100.11154174804688,
            27.840290069580078,
            19.329248428344727,
            13.821903228759766,
            12.121302604675293,
            11.310382843017578,
            13.453269958496094,
            10.217448234558105,
            10.832402229309082,
            11.165519714355469,
            8.96335506439209,
            8.651814460754395,
            9.348984718322754
        ],
        "spectral_contrast_mean": [
            19.00084093094836,
            16.102222752032066,
            17.96416637837469,
            17.939928558132177,
            18.49034603250598,
            17.005618925582155,
            47.3138092939984
        ],
        "spectral_contrast_std": [
            5.218483456701912,
            4.6609277180748006,
            4.415515649903656,
            3.7249935547410833,
            3.625366579205328,
            2.9737397335553117,
            5.085148204637728
        ]
    }
}