{
    "track": "Call Me A Spaceman",
    "artist": "Hardwell ft. Mitch Crown",
    "genre": "edm",
    "features": {
        "tempo_bpm": 129.19921875,
        "tempo_stability": 0.01735632456254392,
        "key_signature": "D# major",
        "harmonic_energy": 0.22037899494171143,
        "percussive_energy": 0.08618512749671936,
        "harmonic_percussive_ratio": 2.557041751544461,
        "loudness_rms": 0.3397519588470459,
        "LUFS": -5.485310723926245,
        "peak_amplitude": 1.1587109565734863,
        "crest_factor": 3.410461344802774,
        "dynamic_range": 0.46645522117614746,
        "compression_ratio": 7.311444093366554,
        "spectral_centroid": 2891.988245884957,
        "spectral_bandwidth": 2809.3596538876054,
        "spectral_rolloff": 6364.419638525623,
        "spectral_flatness_mean": 0.05254326015710831,
        "spectral_flatness_std": 0.10723461210727692,
        "zero_crossing_rate": 0.1269186427005966,
        "spectral_flux_mean": 123.25001525878906,
        "spectral_flux_std": 61.60517501831055,
        "stereo_width": 0.2905839286300951,
        "sub_bass_energy": 28.840185165405273,
        "frequency_balance": {
            "low": 28.385347366333008,
            "mid": 5.702457427978516,
            "high": 1.8598382472991943
        },
        "low_mid_ratio": 4.977739452693825,
        "mid_high_ratio": 3.066103950490548,
        "transient_density": 3.1780616399780808,
        "beat_strength": 0.09811636805534363,
        "onset_strength_mean": 1.159274935722351,
        "onset_strength_std": 0.8381388187408447,
        "silence_ratio": 0.05480118652581588,
        "chroma_mean": [
            0.3539629876613617,
            0.3847399652004242,
            0.39745691418647766,
            0.6550390124320984,
            0.40686702728271484,
            0.5062673687934875,
            0.48768350481987,
            0.47001567482948303,
            0.5789661407470703,
            0.4363384544849396,
            0.6609766483306885,
            0.4560234546661377
        ],
        "chroma_std": [
            0.17663559317588806,
            0.21167942881584167,
            0.1929134726524353,
            0.28808581829071045,
            0.22156469523906708,
            0.2668921947479248,
            0.2388433814048767,
            0.22806818783283234,
            0.30978450179100037,
            0.20060421526432037,
            0.24703413248062134,
            0.2511855363845825
        ],
        "mfcc_mean": [
            7.9319658279418945,
            66.36830139160156,
            -0.337380588054657,
            10.397431373596191,
            4.100767135620117,
            7.492688179016113,
            -0.691882848739624,
            6.325401782989502,
            -1.3926217555999756,
            4.063875675201416,
            0.19423820078372955,
            3.497302770614624,
            -1.4005430936813354
        ],
        "mfcc_std": [
            100.11154174804688,
            27.840290069580078,
            19.329246520996094,
            13.821903228759766,
            12.121302604675293,
            11.310382843017578,
            13.453269958496094,
            10.217448234558105,
            10.832402229309082,
            11.165519714355469,
            8.96335506439209,
            8.651813507080078,
            9.348984718322754
        ],
        "spectral_contrast_mean": [
            19.000841086151215,
            16.10222248990141,
            17.96416659611082,
            17.93992867465921,
            18.49034608168813,
            17.005618868018644,
            47.32479584757992
        ],
        "spectral_contrast_std": [
            5.218482455254822,
            4.660926995935563,
            4.415515846733826,
            3.724993446330416,
            3.6253663563505705,
            2.9737397822972795,
            5.097529683697242
        ]
    }
}