{
    "track": "Children",
    "artist": "Robert Miles",
    "genre": "edm",
    "features": {
        "tempo_bpm": 135.99917763157896,
        "tempo_stability": 0.009647329488791975,
        "key_signature": "F minor",
        "harmonic_energy": 0.0954623594880104,
        "percussive_energy": 0.048612091690301895,
        "harmonic_percussive_ratio": 1.9637570927540275,
        "loudness_rms": 0.16417910158634186,
        "LUFS": -13.212451785933897,
        "peak_amplitude": 0.791071891784668,
        "crest_factor": 4.818346768606084,
        "dynamic_range": 0.24090571701526642,
        "compression_ratio": 20.000963979991813,
        "spectral_centroid": 2293.0368708985097,
        "spectral_bandwidth": 2689.4801914817913,
        "spectral_rolloff": 5458.073128679233,
        "spectral_flatness_mean": 0.021950721740722656,
        "spectral_flatness_std": 0.05180629715323448,
        "zero_crossing_rate": 0.07636455015686135,
        "spectral_flux_mean": 69.65877532958984,
        "spectral_flux_std": 50.24837112426758,
        "stereo_width": 0.1557937627405771,
        "sub_bass_energy": 20.304563522338867,
        "frequency_balance": {
            "low": 17.710420608520508,
            "mid": 1.6483533382415771,
            "high": 0.5812059640884399
        },
        "low_mid_ratio": 10.744310755587417,
        "mid_high_ratio": 2.836091526462447,
        "transient_density": 4.484200154490361,
        "beat_strength": 0.07600167393684387,
        "onset_strength_mean": 1.504979133605957,
        "onset_strength_std": 1.9233407974243164,
        "silence_ratio": 0.07206225991362855,
        "chroma_mean": [
            0.7063122391700745,
            0.589273989200592,
            0.46507057547569275,
            0.4713793694972992,
            0.4807664155960083,
            0.8441176414489746,
            0.5252132415771484,
            0.5459681749343872,
            0.6325070261955261,
            0.636995255947113,
            0.6034749746322632,
            0.4671397805213928
        ],
        "chroma_std": [
            0.22333770990371704,
            0.2620534896850586,
            0.20631371438503265,
            0.20887356996536255,
            0.21011678874492645,
            0.223751962184906,
            0.24175436794757843,
            0.2138262540102005,
            0.23849570751190186,
            0.26977255940437317,
            0.26452478766441345,
            0.21519289910793304
        ],
        "mfcc_mean": [
            -119.811767578125,
            93.84855651855469,
            31.698617935180664,
            19.053443908691406,
            7.575551986694336,
            14.362971305847168,
            3.2984249591827393,
            7.285549640655518,
            2.945516347885132,
            8.277958869934082,
            2.844837188720703,
            7.727256774902344,
            1.0950511693954468
        ],
        "mfcc_std": [
            99.24447631835938,
            38.21272277832031,
            21.273691177368164,
            12.749011993408203,
            10.693565368652344,
            9.141439437866211,
            8.254996299743652,
            6.895269393920898,
            6.462252140045166,
            8.047386169433594,
            8.987091064453125,
            7.741277694702148,
            7.550128936767578
        ],
        "spectral_contrast_mean": [
            18.111815414039462,
            13.615053881538982,
            17.648623356423766,
            19.296586975492225,
            20.61066909301547,
            18.513825465139565,
            46.93581879397118
        ],
        "spectral_contrast_std": [
            5.475582480984381,
            4.201652616624114,
            4.941420848222975,
            4.301412157620601,
            4.422472281332358,
            4.219228465904569,
            3.1297801484214247
        ]
    }
}