{
    "track": "Children",
    "artist": "Robert Miles",
    "genre": "edm",
    "features": {
        "tempo_bpm": 135.99917763157896,
        "tempo_stability": 0.009647329488791975,
        "key_signature": "F minor",
        "loudness_rms": 0.16417910158634186,
        "LUFS": -16.604082040418835,
        "peak_amplitude": 0.791071891784668,
        "crest_factor": 4.81834706208721,
        "dynamic_range": 0.24090568721294403,
        "spectral_centroid": 2293.04378625648,
        "spectral_bandwidth": 2689.478841671393,
        "spectral_rolloff": 5458.146077310872,
        "spectral_flatness_mean": 0.021950779482722282,
        "spectral_flatness_std": 0.05180633068084717,
        "zero_crossing_rate": 0.07636492292620956,
        "stereo_width": 0.0,
        "sub_bass_energy": 20.304563522338867,
        "frequency_balance": {
            "low": 17.710420608520508,
            "mid": 1.6483532190322876,
            "high": 0.5812059044837952
        },
        "transient_density": 4.484200154490361,
        "onset_strength_mean": 1.504979133605957,
        "onset_strength_std": 1.9233407974243164,
        "silence_ratio": 0.07206225991362855,
        "mfcc_mean": [
            -119.811767578125,
            93.84855651855469,
            31.698617935180664,
            19.053443908691406,
            7.575551509857178,
            14.362971305847168,
            3.2984256744384766,
            7.285548686981201,
            2.945516347885132,
            8.277958869934082,
            2.844836950302124,
            7.727256774902344,
            1.0950512886047363
        ],
        "mfcc_std": [
            99.24447631835938,
            38.21272277832031,
            21.273691177368164,
            12.749011993408203,
            10.693565368652344,
            9.141440391540527,
            8.254997253417969,
            6.895269393920898,
            6.462252140045166,
            8.04738712310791,
            8.987091064453125,
            7.741277694702148,
            7.550128936767578
        ],
        "spectral_contrast_mean": [
            18.111817388054366,
            13.615053662412087,
            17.648624419738287,
            19.29658693254859,
            20.61066756248139,
            18.51379687900123,
            46.893306474705426
        ],
        "spectral_contrast_std": [
            5.4755911256302765,
            4.201653310331325,
            4.941416986582481,
            4.301411747359369,
            4.422467627685252,
            4.219100399565731,
            3.1276834398904145
        ]
    }
}