{
    "track": "Greyhound (Radio Edit)",
    "artist": "Swedish House Mafia",
    "genre": "edm",
    "features": {
        "tempo_bpm": 123.046875,
        "tempo_stability": 0.046122148186168443,
        "key_signature": "G minor",
        "loudness_rms": 0.26381534337997437,
        "LUFS": -11.226742094557135,
        "peak_amplitude": 1.3139090538024902,
        "crest_factor": 4.98041181748122,
        "dynamic_range": 0.36627456545829773,
        "spectral_centroid": 2869.3607222724036,
        "spectral_bandwidth": 2706.323877879829,
        "spectral_rolloff": 6125.390443843929,
        "spectral_flatness_mean": 0.055525898933410645,
        "spectral_flatness_std": 0.04968724772334099,
        "zero_crossing_rate": 0.13711802848424562,
        "stereo_width": 0.0,
        "sub_bass_energy": 18.13416290283203,
        "frequency_balance": {
            "low": 21.629037857055664,
            "mid": 5.343294620513916,
            "high": 1.5516170263290405
        },
        "transient_density": 3.6495435077533425,
        "onset_strength_mean": 1.4587804079055786,
        "onset_strength_std": 1.9697449207305908,
        "silence_ratio": 0.06716937839885452,
        "mfcc_mean": [
            -1.593861699104309,
            71.47126007080078,
            -8.547656059265137,
            14.73941421508789,
            0.6576420068740845,
            7.635226249694824,
            -1.4039191007614136,
            5.939366817474365,
            -1.1871637105941772,
            5.280853271484375,
            -1.1339695453643799,
            3.2685554027557373,
            -1.4269938468933105
        ],
        "mfcc_std": [
            100.97936248779297,
            26.6939640045166,
            19.977006912231445,
            14.212952613830566,
            11.48464584350586,
            10.387125015258789,
            9.066496849060059,
            7.500240325927734,
            7.616199493408203,
            6.898979187011719,
            6.955617427825928,
            7.198885440826416,
            7.120345115661621
        ],
        "spectral_contrast_mean": [
            18.267443313834434,
            13.656071255674103,
            16.03515102344454,
            15.343518044100568,
            15.765193612710844,
            16.1377922580403,
            47.8858854770666
        ],
        "spectral_contrast_std": [
            4.921051747133904,
            4.199020692890325,
            3.8696867224810165,
            3.015647170486017,
            2.3771515514663295,
            2.395267382664673,
            3.6838508778848404
        ]
    }
}