{
    "track": "Greyhound (Radio Edit)",
    "artist": "Swedish House Mafia",
    "genre": "edm",
    "features": {
        "tempo_bpm": 123.046875,
        "tempo_stability": 0.046122148186168443,
        "key_signature": "G minor",
        "harmonic_energy": 0.15891867876052856,
        "percussive_energy": 0.07309830188751221,
        "harmonic_percussive_ratio": 2.1740403390584664,
        "loudness_rms": 0.26381534337997437,
        "LUFS": -6.892382551722129,
        "peak_amplitude": 1.3139092922210693,
        "crest_factor": 4.980412532429984,
        "dynamic_range": 0.36627453565597534,
        "compression_ratio": 13.597484705114764,
        "spectral_centroid": 2869.3607233076164,
        "spectral_bandwidth": 2706.3238781489545,
        "spectral_rolloff": 6125.390443843929,
        "spectral_flatness_mean": 0.055525846779346466,
        "spectral_flatness_std": 0.0496872179210186,
        "zero_crossing_rate": 0.13711802848424562,
        "spectral_flux_mean": 103.68933868408203,
        "spectral_flux_std": 54.39070510864258,
        "stereo_width": 0.3996048679870827,
        "sub_bass_energy": 18.1341609954834,
        "frequency_balance": {
            "low": 21.629037857055664,
            "mid": 5.343294620513916,
            "high": 1.5516172647476196
        },
        "low_mid_ratio": 4.0478841899413265,
        "mid_high_ratio": 3.4436936913988903,
        "transient_density": 3.6495435077533425,
        "beat_strength": 0.05862857773900032,
        "onset_strength_mean": 1.4587804079055786,
        "onset_strength_std": 1.9697448015213013,
        "silence_ratio": 0.06716958843968857,
        "chroma_mean": [
            0.4186117351055145,
            0.3708030581474304,
            0.48630374670028687,
            0.4089010953903198,
            0.3971545696258545,
            0.454252153635025,
            0.4575314521789551,
            0.8642179369926453,
            0.560283362865448,
            0.5562371015548706,
            0.4804224967956543,
            0.4165937900543213
        ],
        "chroma_std": [
            0.21868185698986053,
            0.177709698677063,
            0.20913425087928772,
            0.23530596494674683,
            0.22456277906894684,
            0.2432957887649536,
            0.1816725879907608,
            0.2028309404850006,
            0.2438243180513382,
            0.27252525091171265,
            0.2355954796075821,
            0.17677004635334015
        ],
        "mfcc_mean": [
            -1.593861699104309,
            71.47126007080078,
            -8.547656059265137,
            14.73941421508789,
            0.6576420068740845,
            7.635226249694824,
            -1.4039192199707031,
            5.939367294311523,
            -1.1871634721755981,
            5.280853271484375,
            -1.1339695453643799,
            3.2685554027557373,
            -1.4269938468933105
        ],
        "mfcc_std": [
            100.97936248779297,
            26.693965911865234,
            19.977006912231445,
            14.212952613830566,
            11.48464584350586,
            10.387125015258789,
            9.066496849060059,
            7.500240802764893,
            7.616199493408203,
            6.898979187011719,
            6.955617427825928,
            7.198885440826416,
            7.120345592498779
        ],
        "spectral_contrast_mean": [
            18.267445163198058,
            13.656071331876044,
            16.03515091578457,
            15.343517750899904,
            15.765193266712032,
            16.137793411822244,
            47.89046778324826
        ],
        "spectral_contrast_std": [
            4.92106040749586,
            4.199020634543415,
            3.8696864348151685,
            3.0156468625837154,
            2.377151298844185,
            2.3952685926046793,
            3.687418999515887
        ]
    }
}