{
    "track": "If It Ain't Dutch",
    "artist": "Armin Van Buuren and W&W",
    "genre": "edm",
    "features": {
        "tempo_bpm": 129.19921875,
        "tempo_stability": 0.019069639233245894,
        "key_signature": "D# minor",
        "harmonic_energy": 0.15819725394248962,
        "percussive_energy": 0.09361886233091354,
        "harmonic_percussive_ratio": 1.6898008916761103,
        "loudness_rms": 0.2854388356208801,
        "LUFS": -6.356340541222815,
        "peak_amplitude": 1.4299789667129517,
        "crest_factor": 5.009755990298005,
        "dynamic_range": 0.4461471438407898,
        "compression_ratio": 11.228931860642925,
        "spectral_centroid": 2886.3089058282626,
        "spectral_bandwidth": 2633.357038206504,
        "spectral_rolloff": 6054.921012328432,
        "spectral_flatness_mean": 0.059788335114717484,
        "spectral_flatness_std": 0.06130790710449219,
        "zero_crossing_rate": 0.13802490397636083,
        "spectral_flux_mean": 111.62191009521484,
        "spectral_flux_std": 71.06897735595703,
        "stereo_width": 0.360827407451746,
        "sub_bass_energy": 22.76738166809082,
        "frequency_balance": {
            "low": 24.617494583129883,
            "mid": 5.175877094268799,
            "high": 1.9910485744476318
        },
        "low_mid_ratio": 4.756197662194613,
        "mid_high_ratio": 2.599573478366285,
        "transient_density": 1.4920009655898876,
        "beat_strength": 0.0425943098962307,
        "onset_strength_mean": 1.1698871850967407,
        "onset_strength_std": 0.980034351348877,
        "silence_ratio": 0.050378137122124134,
        "chroma_mean": [
            0.38296982645988464,
            0.46140196919441223,
            0.4176294505596161,
            0.7004331350326538,
            0.42608582973480225,
            0.5465008616447449,
            0.67629474401474,
            0.5908461809158325,
            0.5104042887687683,
            0.41428613662719727,
            0.5736882090568542,
            0.44768428802490234
        ],
        "chroma_std": [
            0.18466000258922577,
            0.22492945194244385,
            0.18988390266895294,
            0.2569730877876282,
            0.20168672502040863,
            0.240703746676445,
            0.30301767587661743,
            0.3012925982475281,
            0.26157093048095703,
            0.2074180394411087,
            0.23919014632701874,
            0.23759624361991882
        ],
        "mfcc_mean": [
            1.3803664445877075,
            73.27033996582031,
            -5.96990442276001,
            18.612476348876953,
            3.203948974609375,
            11.846095085144043,
            -3.069023609161377,
            3.419674873352051,
            -3.850238084793091,
            4.9846906661987305,
            1.3043988943099976,
            6.525848388671875,
            -0.603140115737915
        ],
        "mfcc_std": [
            91.83150482177734,
            42.41305923461914,
            22.81412124633789,
            14.005535125732422,
            11.499765396118164,
            10.683310508728027,
            8.689054489135742,
            9.126724243164062,
            7.968435764312744,
            8.163119316101074,
            8.250091552734375,
            8.106193542480469,
            8.106860160827637
        ],
        "spectral_contrast_mean": [
            21.24817590052559,
            14.935583452767489,
            17.185219784474338,
            16.207974906353567,
            17.24597910935858,
            17.593256561973227,
            48.28969372333913
        ],
        "spectral_contrast_std": [
            4.9249369980067215,
            4.726118763255361,
            4.395376097749851,
            3.3704002056357782,
            3.5384490284947843,
            4.964774014941085,
            4.915199918760656
        ]
    }
}