{
    "track": "If It Ain't Dutch",
    "artist": "Armin Van Buuren and W&W",
    "genre": "edm",
    "features": {
        "tempo_bpm": 129.19921875,
        "tempo_stability": 0.019069639233245894,
        "key_signature": "D# minor",
        "loudness_rms": 0.2854388356208801,
        "LUFS": -10.567186312107687,
        "peak_amplitude": 1.4299789667129517,
        "crest_factor": 5.00975616580867,
        "dynamic_range": 0.4461471438407898,
        "spectral_centroid": 2886.327496893104,
        "spectral_bandwidth": 2633.42343254939,
        "spectral_rolloff": 6055.008850056841,
        "spectral_flatness_mean": 0.05978826433420181,
        "spectral_flatness_std": 0.061307813972234726,
        "zero_crossing_rate": 0.1380254264118296,
        "stereo_width": 0.0,
        "sub_bass_energy": 22.767383575439453,
        "frequency_balance": {
            "low": 24.617494583129883,
            "mid": 5.175877094268799,
            "high": 1.9910485744476318
        },
        "transient_density": 1.4920009655898876,
        "onset_strength_mean": 1.1698873043060303,
        "onset_strength_std": 0.980034351348877,
        "silence_ratio": 0.050378398374799356,
        "mfcc_mean": [
            1.3803653717041016,
            73.27033996582031,
            -5.96990442276001,
            18.612478256225586,
            3.203948974609375,
            11.846095085144043,
            -3.069023609161377,
            3.4196743965148926,
            -3.850238084793091,
            4.984690189361572,
            1.3043988943099976,
            6.525848388671875,
            -0.603140115737915
        ],
        "mfcc_std": [
            91.83150482177734,
            42.413055419921875,
            22.81412124633789,
            14.005535125732422,
            11.49976634979248,
            10.683309555053711,
            8.689054489135742,
            9.126724243164062,
            7.968435764312744,
            8.163119316101074,
            8.250091552734375,
            8.106193542480469,
            8.106860160827637
        ],
        "spectral_contrast_mean": [
            21.248180751805442,
            14.935583444107316,
            17.185219563172954,
            16.20797522652507,
            17.24598004759359,
            17.593258642725477,
            48.270967743061355
        ],
        "spectral_contrast_std": [
            4.924957239489169,
            4.7261190304362986,
            4.395375669283811,
            3.370400955734057,
            3.538454051580178,
            4.964784221443551,
            4.898888910697465
        ]
    }
}