{
    "track": "Levels",
    "artist": "Avicii",
    "genre": "edm",
    "features": {
        "tempo_bpm": 123.046875,
        "tempo_stability": 0.013454719304068054,
        "key_signature": "E major",
        "loudness_rms": 0.21080641448497772,
        "LUFS": -13.419423910087641,
        "peak_amplitude": 1.1358940601348877,
        "crest_factor": 5.3883277836208,
        "dynamic_range": 0.34458568692207336,
        "spectral_centroid": 2623.746173643477,
        "spectral_bandwidth": 2534.324424066717,
        "spectral_rolloff": 5505.4574885637285,
        "spectral_flatness_mean": 0.046513937413692474,
        "spectral_flatness_std": 0.10783716291189194,
        "zero_crossing_rate": 0.12020734755294875,
        "stereo_width": 0.0,
        "sub_bass_energy": 20.566537857055664,
        "frequency_balance": {
            "low": 13.731115341186523,
            "mid": 3.6198830604553223,
            "high": 1.0439592599868774
        },
        "transient_density": 2.393978112200117,
        "onset_strength_mean": 1.1663901805877686,
        "onset_strength_std": 1.1974146366119385,
        "silence_ratio": 0.0702105580748976,
        "mfcc_mean": [
            -47.828304290771484,
            77.04826354980469,
            -6.210351467132568,
            17.38722038269043,
            -8.272433280944824,
            1.3744772672653198,
            -5.12607479095459,
            2.0284106731414795,
            -4.741379261016846,
            3.468419075012207,
            -3.127835273742676,
            4.482283592224121,
            -0.9398080110549927
        ],
        "mfcc_std": [
            92.62884521484375,
            33.823238372802734,
            20.576345443725586,
            13.616621971130371,
            13.416001319885254,
            12.40888500213623,
            10.867138862609863,
            9.235518455505371,
            8.792860984802246,
            8.57213306427002,
            9.355032920837402,
            9.3538818359375,
            9.926559448242188
        ],
        "spectral_contrast_mean": [
            20.348556781795203,
            15.556459345101926,
            18.52701658645382,
            19.33480078544542,
            18.283969742639492,
            17.971787827833445,
            47.494143502314934
        ],
        "spectral_contrast_std": [
            5.012229744782286,
            4.56329862001568,
            4.564546520355938,
            4.441118290621009,
            3.765616794067123,
            3.8348883972181644,
            4.663414060996178
        ]
    }
}