{
    "track": "Levels",
    "artist": "Avicii",
    "genre": "edm",
    "features": {
        "tempo_bpm": 123.046875,
        "tempo_stability": 0.013454719304068054,
        "key_signature": "E major",
        "harmonic_energy": 0.13016977906227112,
        "percussive_energy": 0.05799390375614166,
        "harmonic_percussive_ratio": 2.244542067114515,
        "loudness_rms": 0.21080641448497772,
        "LUFS": -9.502543802932767,
        "peak_amplitude": 1.1358941793441772,
        "crest_factor": 5.388328093507047,
        "dynamic_range": 0.34458568692207336,
        "compression_ratio": 15.637120581721636,
        "spectral_centroid": 2623.6253398036392,
        "spectral_bandwidth": 2534.420616722511,
        "spectral_rolloff": 5505.549456959945,
        "spectral_flatness_mean": 0.04651383310556412,
        "spectral_flatness_std": 0.10783720761537552,
        "zero_crossing_rate": 0.1202068904677627,
        "spectral_flux_mean": 75.88279724121094,
        "spectral_flux_std": 48.035709381103516,
        "stereo_width": 0.3024165253108331,
        "sub_bass_energy": 20.566537857055664,
        "frequency_balance": {
            "low": 13.731115341186523,
            "mid": 3.6198830604553223,
            "high": 1.0439592599868774
        },
        "low_mid_ratio": 3.793248310492906,
        "mid_high_ratio": 3.467456216467932,
        "transient_density": 2.393978112200117,
        "beat_strength": 0.046147190034389496,
        "onset_strength_mean": 1.1663901805877686,
        "onset_strength_std": 1.197414755821228,
        "silence_ratio": 0.0702105580748976,
        "chroma_mean": [
            0.32196179032325745,
            0.5351143479347229,
            0.29257330298423767,
            0.3533746004104614,
            0.6628029942512512,
            0.35128656029701233,
            0.4938609004020691,
            0.46502143144607544,
            0.6721644401550293,
            0.48797065019607544,
            0.3442951738834381,
            0.518623948097229
        ],
        "chroma_std": [
            0.1778874695301056,
            0.29694321751594543,
            0.1614268571138382,
            0.17901282012462616,
            0.2840031385421753,
            0.17352628707885742,
            0.24074038863182068,
            0.3064579367637634,
            0.2712591290473938,
            0.3035377562046051,
            0.19224707782268524,
            0.2604028284549713
        ],
        "mfcc_mean": [
            -47.828304290771484,
            77.04827117919922,
            -6.210352420806885,
            17.38722038269043,
            -8.272433280944824,
            1.3744772672653198,
            -5.12607479095459,
            2.0284106731414795,
            -4.7413787841796875,
            3.468419075012207,
            -3.127835273742676,
            4.482284069061279,
            -0.939808189868927
        ],
        "mfcc_std": [
            92.62884521484375,
            33.82323455810547,
            20.576343536376953,
            13.616621971130371,
            13.416001319885254,
            12.40888500213623,
            10.867138862609863,
            9.235518455505371,
            8.79286003112793,
            8.57213306427002,
            9.355032920837402,
            9.3538818359375,
            9.926559448242188
        ],
        "spectral_contrast_mean": [
            20.348554816913673,
            15.55645964983469,
            18.527016594457777,
            19.334801038534057,
            18.283969979471927,
            17.971788297771013,
            47.49827705545732
        ],
        "spectral_contrast_std": [
            5.0122180415630275,
            4.56330074991154,
            4.5645469440817426,
            4.441118606862945,
            3.76561773817017,
            3.8348919262855197,
            4.665116069197326
        ]
    }
}