{
    "track": "99 Problems",
    "artist": "Jay-Z",
    "genre": "hiphop",
    "features": {
        "tempo_bpm": 95.703125,
        "tempo_stability": 0.028801085096092777,
        "key_signature": "E major",
        "harmonic_energy": 0.16358035802841187,
        "percussive_energy": 0.11001963168382645,
        "harmonic_percussive_ratio": 1.4868286746334602,
        "loudness_rms": 0.3163326382637024,
        "LUFS": -7.265057540466489,
        "peak_amplitude": 1.1415822505950928,
        "crest_factor": 3.608803128166027,
        "dynamic_range": 0.36878702044487,
        "compression_ratio": 9.785602069066003,
        "spectral_centroid": 2629.4740839861875,
        "spectral_bandwidth": 2619.256956696864,
        "spectral_rolloff": 5583.063610385439,
        "spectral_flatness_mean": 0.03690677136182785,
        "spectral_flatness_std": 0.07307079434394836,
        "zero_crossing_rate": 0.11750197948272348,
        "spectral_flux_mean": 137.3394317626953,
        "spectral_flux_std": 55.55598449707031,
        "stereo_width": 0.09316551278617935,
        "sub_bass_energy": 34.44368362426758,
        "frequency_balance": {
            "low": 35.730655670166016,
            "mid": 4.828977108001709,
            "high": 1.364903211593628
        },
        "low_mid_ratio": 7.3992182603159256,
        "mid_high_ratio": 3.537963008368837,
        "transient_density": 2.5668202275815215,
        "beat_strength": 0.06514019519090652,
        "onset_strength_mean": 1.5821164846420288,
        "onset_strength_std": 1.657130479812622,
        "silence_ratio": 0.04734134397644928,
        "chroma_mean": [
            0.38797375559806824,
            0.42217960953712463,
            0.47615790367126465,
            0.4565247595310211,
            0.7327368259429932,
            0.49795302748680115,
            0.6060684323310852,
            0.6503310799598694,
            0.6956143975257874,
            0.5714788436889648,
            0.39436665177345276,
            0.4446296691894531
        ],
        "chroma_std": [
            0.19535374641418457,
            0.19424644112586975,
            0.2287684977054596,
            0.18977221846580505,
            0.2584673762321472,
            0.21794264018535614,
            0.24780625104904175,
            0.2660485506057739,
            0.2739083170890808,
            0.242099329829216,
            0.1992851197719574,
            0.18134286999702454
        ],
        "mfcc_mean": [
            -8.757708549499512,
            72.37560272216797,
            0.07064206153154373,
            31.485300064086914,
            8.47861099243164,
            8.797093391418457,
            0.6884514689445496,
            13.533086776733398,
            -0.6064249873161316,
            11.01639461517334,
            0.9538449048995972,
            5.6277995109558105,
            2.8625447750091553
        ],
        "mfcc_std": [
            82.04033660888672,
            31.524703979492188,
            21.395641326904297,
            15.855838775634766,
            13.828225135803223,
            17.512954711914062,
            10.667569160461426,
            9.62806510925293,
            12.962197303771973,
            8.864884376525879,
            9.321929931640625,
            7.967471599578857,
            7.265395164489746
        ],
        "spectral_contrast_mean": [
            19.02745494524535,
            14.342068246160006,
            16.852742056475666,
            16.297434712947027,
            16.764502529588185,
            18.039760732879653,
            49.02424586368745
        ],
        "spectral_contrast_std": [
            5.011676244715646,
            4.748387177645014,
            5.2257474877904695,
            4.438982637340322,
            3.643548858982328,
            5.384373986357991,
            4.652957744422179
        ]
    }
}