{
    "track": "99 Problems",
    "artist": "Jay Z",
    "genre": "hiphop",
    "features": {
        "tempo_bpm": 95.703125,
        "tempo_stability": 0.028801085096092777,
        "key_signature": "E major",
        "loudness_rms": 0.3163326382637024,
        "LUFS": -10.613928709385775,
        "peak_amplitude": 1.1415822505950928,
        "crest_factor": 3.6088032422485683,
        "dynamic_range": 0.36878702044487,
        "spectral_centroid": 2629.494942619699,
        "spectral_bandwidth": 2619.2288857802732,
        "spectral_rolloff": 5583.000225809625,
        "spectral_flatness_mean": 0.036906950175762177,
        "spectral_flatness_std": 0.07307087630033493,
        "zero_crossing_rate": 0.11750166991214564,
        "stereo_width": 0.0,
        "sub_bass_energy": 34.44368362426758,
        "frequency_balance": {
            "low": 35.730655670166016,
            "mid": 4.828977108001709,
            "high": 1.364903211593628
        },
        "transient_density": 2.5668202275815215,
        "onset_strength_mean": 1.5821164846420288,
        "onset_strength_std": 1.657130479812622,
        "silence_ratio": 0.04734099014945652,
        "mfcc_mean": [
            -8.757708549499512,
            72.37560272216797,
            0.07064197212457657,
            31.485300064086914,
            8.47861099243164,
            8.79709243774414,
            0.68845134973526,
            13.533086776733398,
            -0.6064250469207764,
            11.01639461517334,
            0.9538447856903076,
            5.627799987792969,
            2.8625447750091553
        ],
        "mfcc_std": [
            82.04033660888672,
            31.524703979492188,
            21.395641326904297,
            15.855838775634766,
            13.828225135803223,
            17.512954711914062,
            10.667569160461426,
            9.62806510925293,
            12.962197303771973,
            8.864884376525879,
            9.321929931640625,
            7.967471599578857,
            7.265395164489746
        ],
        "spectral_contrast_mean": [
            19.027088097738197,
            14.34206841413941,
            16.852741878629026,
            16.2974349147758,
            16.764501870883386,
            18.039757986944778,
            49.01217062958538
        ],
        "spectral_contrast_std": [
            5.008704105300517,
            4.74838777682605,
            5.225746812198305,
            4.438982736188208,
            3.6435463281183713,
            5.3843611101364,
            4.633202472648139
        ]
    }
}