{
    "track": "Flashing Lights",
    "artist": "Kanye West",
    "genre": "hiphop",
    "features": {
        "tempo_bpm": 92.28515625,
        "tempo_stability": 0.015235521020438235,
        "key_signature": "F# minor",
        "harmonic_energy": 0.13960061967372894,
        "percussive_energy": 0.0835479274392128,
        "harmonic_percussive_ratio": 1.6709044406428173,
        "loudness_rms": 0.2401033192873001,
        "LUFS": -9.506619425605527,
        "peak_amplitude": 1.1864585876464844,
        "crest_factor": 4.941449963098202,
        "dynamic_range": 0.4071509838104248,
        "compression_ratio": 12.13665209767119,
        "spectral_centroid": 2165.3154273394057,
        "spectral_bandwidth": 2418.6925786567986,
        "spectral_rolloff": 4743.863397555185,
        "spectral_flatness_mean": 0.013850185088813305,
        "spectral_flatness_std": 0.023847414180636406,
        "zero_crossing_rate": 0.07630107115356409,
        "spectral_flux_mean": 90.76239776611328,
        "spectral_flux_std": 77.3040771484375,
        "stereo_width": 0.05566041428462176,
        "sub_bass_energy": 17.790395736694336,
        "frequency_balance": {
            "low": 22.258974075317383,
            "mid": 2.96757173538208,
            "high": 0.6007211804389954
        },
        "low_mid_ratio": 7.500736624128864,
        "mid_high_ratio": 4.9400150729050125,
        "transient_density": 2.611106187658909,
        "beat_strength": 0.08035291731357574,
        "onset_strength_mean": 1.348409652709961,
        "onset_strength_std": 1.354419469833374,
        "silence_ratio": 0.05592668198709173,
        "chroma_mean": [
            0.35402172803878784,
            0.40142446756362915,
            0.47397127747535706,
            0.2953648567199707,
            0.34254997968673706,
            0.508230447769165,
            0.7359055876731873,
            0.3945613205432892,
            0.38280388712882996,
            0.3923930823802948,
            0.36161527037620544,
            0.5266313552856445
        ],
        "chroma_std": [
            0.18208098411560059,
            0.2428281307220459,
            0.30145934224128723,
            0.16631852090358734,
            0.1985742598772049,
            0.2505715787410736,
            0.29564183950424194,
            0.20696385204792023,
            0.1858634501695633,
            0.21384307742118835,
            0.1945309042930603,
            0.3465825021266937
        ],
        "mfcc_mean": [
            -67.5758056640625,
            92.0668716430664,
            -7.1913957595825195,
            27.23008918762207,
            5.3270487785339355,
            8.763467788696289,
            4.791103839874268,
            8.228350639343262,
            -0.3093889057636261,
            5.283954620361328,
            -1.896573781967163,
            2.777761459350586,
            -1.1327458620071411
        ],
        "mfcc_std": [
            69.57984924316406,
            26.375431060791016,
            19.304187774658203,
            15.93617057800293,
            12.355152130126953,
            10.731193542480469,
            10.365260124206543,
            9.99394702911377,
            9.696292877197266,
            8.36586856842041,
            8.120904922485352,
            6.866664409637451,
            7.169397354125977
        ],
        "spectral_contrast_mean": [
            20.328806274696678,
            15.83101051888124,
            18.622830708316354,
            18.399234539258625,
            18.32329108913664,
            19.282468517257122,
            47.39071978816365
        ],
        "spectral_contrast_std": [
            5.047623885101089,
            4.357628375476926,
            5.075815733091196,
            4.242885090134494,
            3.350111611720192,
            4.006861904661988,
            3.4011941442428144
        ]
    }
}