{
    "track": "Flashing Lights",
    "artist": "Kanye West",
    "genre": "hiphop",
    "features": {
        "tempo_bpm": 92.28515625,
        "tempo_stability": 0.015235521020438235,
        "key_signature": "F# minor",
        "loudness_rms": 0.2401033192873001,
        "LUFS": -12.627002247845821,
        "peak_amplitude": 1.1864585876464844,
        "crest_factor": 4.941450168903351,
        "dynamic_range": 0.4071509838104248,
        "spectral_centroid": 2165.315428311874,
        "spectral_bandwidth": 2418.692581316179,
        "spectral_rolloff": 4743.863397555185,
        "spectral_flatness_mean": 0.013850231654942036,
        "spectral_flatness_std": 0.023847389966249466,
        "zero_crossing_rate": 0.07630107115356409,
        "stereo_width": 0.0,
        "sub_bass_energy": 17.790395736694336,
        "frequency_balance": {
            "low": 22.258974075317383,
            "mid": 2.96757173538208,
            "high": 0.6007211804389954
        },
        "transient_density": 2.611106187658909,
        "onset_strength_mean": 1.348409652709961,
        "onset_strength_std": 1.3544193506240845,
        "silence_ratio": 0.05592649099110111,
        "mfcc_mean": [
            -67.5758056640625,
            92.0668716430664,
            -7.1913957595825195,
            27.23008918762207,
            5.3270487785339355,
            8.763468742370605,
            4.791103839874268,
            8.228350639343262,
            -0.3093889057636261,
            5.28395414352417,
            -1.896573781967163,
            2.777761459350586,
            -1.1327458620071411
        ],
        "mfcc_std": [
            69.57984924316406,
            26.375431060791016,
            19.304187774658203,
            15.93617057800293,
            12.355152130126953,
            10.731193542480469,
            10.365260124206543,
            9.99394702911377,
            9.69629192352295,
            8.36586856842041,
            8.120904922485352,
            6.866664886474609,
            7.169397354125977
        ],
        "spectral_contrast_mean": [
            20.328804905478513,
            15.831010421045063,
            18.622830632160674,
            18.3992345936365,
            18.32329076673935,
            19.282471635535735,
            47.38050332925925
        ],
        "spectral_contrast_std": [
            5.047616376563944,
            4.357628156338546,
            5.075816057161402,
            4.242885175984159,
            3.350111136925284,
            4.006879140670564,
            3.3947046162685344
        ]
    }
}