{
    "track": "Like That",
    "artist": "Metro Boomin ft. Future",
    "genre": "hiphop",
    "features": {
        "tempo_bpm": 161.4990234375,
        "tempo_stability": 0.019153585226266458,
        "key_signature": "C# major",
        "loudness_rms": 0.31490465998649597,
        "LUFS": -12.286102634566243,
        "peak_amplitude": 1.2243099212646484,
        "crest_factor": 3.887874893045884,
        "dynamic_range": 0.47712525725364685,
        "spectral_centroid": 2484.338986589881,
        "spectral_bandwidth": 2860.0013273885625,
        "spectral_rolloff": 5813.4142103108825,
        "spectral_flatness_mean": 0.02186162769794464,
        "spectral_flatness_std": 0.07831619679927826,
        "zero_crossing_rate": 0.06372358775334196,
        "stereo_width": 0.0,
        "sub_bass_energy": 60.93072509765625,
        "frequency_balance": {
            "low": 28.941741943359375,
            "mid": 2.514832019805908,
            "high": 0.8805314898490906
        },
        "transient_density": 4.806358954041204,
        "onset_strength_mean": 1.9281061887741089,
        "onset_strength_std": 2.2914810180664062,
        "silence_ratio": 0.06865603808876958,
        "mfcc_mean": [
            -89.71723937988281,
            79.55834197998047,
            22.555334091186523,
            9.175518035888672,
            15.684929847717285,
            12.05612564086914,
            2.7352054119110107,
            8.912818908691406,
            -2.891071319580078,
            9.669724464416504,
            2.958854913711548,
            7.850792407989502,
            4.811234474182129
        ],
        "mfcc_std": [
            96.12267303466797,
            38.88420867919922,
            29.071762084960938,
            18.06507110595703,
            16.228689193725586,
            12.262239456176758,
            11.465906143188477,
            12.765294075012207,
            11.16007137298584,
            11.839316368103027,
            13.764418601989746,
            11.781129837036133,
            10.358516693115234
        ],
        "spectral_contrast_mean": [
            21.77734791106168,
            13.994541297606304,
            18.493431276518592,
            17.45461884143921,
            17.71183207544614,
            17.714930655427327,
            47.84924258517497
        ],
        "spectral_contrast_std": [
            5.320516283322558,
            4.684867682229533,
            4.850476798510961,
            3.9126110893546024,
            3.433319482978118,
            2.744502287299621,
            3.87605316461356
        ]
    }
}