{
    "track": "Like That",
    "artist": "Metro Boomin & Future",
    "genre": "hiphop",
    "features": {
        "tempo_bpm": 161.4990234375,
        "tempo_stability": 0.019153585226266458,
        "key_signature": "C# major",
        "harmonic_energy": 0.22013887763023376,
        "percussive_energy": 0.08122479915618896,
        "harmonic_percussive_ratio": 2.7102418573483367,
        "loudness_rms": 0.31490465998649597,
        "LUFS": -9.24472569266821,
        "peak_amplitude": 1.2243099212646484,
        "crest_factor": 3.88787476958392,
        "dynamic_range": 0.47712525725364685,
        "compression_ratio": 8.148540931321225,
        "spectral_centroid": 2484.1638287279507,
        "spectral_bandwidth": 2860.0599244213568,
        "spectral_rolloff": 5813.390067866672,
        "spectral_flatness_mean": 0.02186158299446106,
        "spectral_flatness_std": 0.07831615954637527,
        "zero_crossing_rate": 0.0637212295170332,
        "spectral_flux_mean": 100.3438949584961,
        "spectral_flux_std": 79.73809814453125,
        "stereo_width": 0.014534109387868588,
        "sub_bass_energy": 60.93072509765625,
        "frequency_balance": {
            "low": 28.941741943359375,
            "mid": 2.514832019805908,
            "high": 0.8805314898490906
        },
        "low_mid_ratio": 11.508419488991901,
        "mid_high_ratio": 2.856038676909243,
        "transient_density": 4.806358954041204,
        "beat_strength": 0.09842038154602051,
        "onset_strength_mean": 1.9281061887741089,
        "onset_strength_std": 2.2914810180664062,
        "silence_ratio": 0.06865620653966817,
        "chroma_mean": [
            0.3034300208091736,
            0.6395137310028076,
            0.3092166483402252,
            0.4004751443862915,
            0.4173838794231415,
            0.3592035174369812,
            0.45828911662101746,
            0.37266576290130615,
            0.346757709980011,
            0.28000786900520325,
            0.23864568769931793,
            0.1914408653974533
        ],
        "chroma_std": [
            0.17498032748699188,
            0.3559233248233795,
            0.17378172278404236,
            0.2913062870502472,
            0.2957073748111725,
            0.22164592146873474,
            0.32220011949539185,
            0.2663417160511017,
            0.22629596292972565,
            0.19381915032863617,
            0.1669217050075531,
            0.1454683095216751
        ],
        "mfcc_mean": [
            -89.71723937988281,
            79.55834197998047,
            22.555334091186523,
            9.175518035888672,
            15.684929847717285,
            12.05612564086914,
            2.7352051734924316,
            8.912818908691406,
            -2.891071319580078,
            9.669724464416504,
            2.9588544368743896,
            7.850792407989502,
            4.811234474182129
        ],
        "mfcc_std": [
            96.12267303466797,
            38.88420867919922,
            29.071762084960938,
            18.06507110595703,
            16.228689193725586,
            12.262239456176758,
            11.465906143188477,
            12.765294075012207,
            11.16007137298584,
            11.839316368103027,
            13.764418601989746,
            11.78113079071045,
            10.35851764678955
        ],
        "spectral_contrast_mean": [
            21.7773343318876,
            13.994542309716376,
            18.493431464592668,
            17.454618870614283,
            17.71183196102842,
            17.714929920634145,
            47.852218013954776
        ],
        "spectral_contrast_std": [
            5.320412232524148,
            4.684868833743701,
            4.8504782410737395,
            3.9126114498394813,
            3.433318962449439,
            2.7445067922243465,
            3.8790629480087753
        ]
    }
}