{
    "track": "My Name Is",
    "artist": "Eminem",
    "genre": "hiphop",
    "features": {
        "tempo_bpm": 86.1328125,
        "tempo_stability": 0.029433115961314302,
        "key_signature": "G minor",
        "loudness_rms": 0.1802053153514862,
        "LUFS": -14.022373142148444,
        "peak_amplitude": 1.1620279550552368,
        "crest_factor": 6.448355603655357,
        "dynamic_range": 0.4701487421989441,
        "spectral_centroid": 2398.7811293365903,
        "spectral_bandwidth": 2300.5262414722442,
        "spectral_rolloff": 4653.181937225594,
        "spectral_flatness_mean": 0.0590621754527092,
        "spectral_flatness_std": 0.18339194357395172,
        "zero_crossing_rate": 0.12409720428719008,
        "stereo_width": 0.0,
        "sub_bass_energy": 16.20151138305664,
        "frequency_balance": {
            "low": 15.883316993713379,
            "mid": 2.326338529586792,
            "high": 0.5373466610908508
        },
        "transient_density": 3.406442195887477,
        "onset_strength_mean": 2.144413709640503,
        "onset_strength_std": 3.093323230743408,
        "silence_ratio": 0.192670527931265,
        "mfcc_mean": [
            -151.9507598876953,
            70.23810577392578,
            -6.036427974700928,
            22.495784759521484,
            9.633838653564453,
            -5.9575982093811035,
            2.997272491455078,
            3.0887796878814697,
            -7.635433673858643,
            4.514595031738281,
            -5.281013488769531,
            3.3935420513153076,
            -2.0517289638519287
        ],
        "mfcc_std": [
            137.87867736816406,
            47.996280670166016,
            39.7825927734375,
            25.61587142944336,
            20.005836486816406,
            24.281126022338867,
            15.605804443359375,
            14.511889457702637,
            13.820243835449219,
            11.66573715209961,
            11.993712425231934,
            10.653427124023438,
            9.559823989868164
        ],
        "spectral_contrast_mean": [
            17.351476104444515,
            15.883779707245498,
            18.858759311504013,
            18.124535452167365,
            18.100006449754382,
            19.87458462074852,
            47.92233131584211
        ],
        "spectral_contrast_std": [
            5.736952014298567,
            5.121223296155662,
            5.738306833193366,
            4.956116292611948,
            4.438440627350935,
            5.272494202207398,
            8.419431076132383
        ]
    }
}