{
    "track": "My Name Is",
    "artist": "Eminem",
    "genre": "hiphop",
    "features": {
        "tempo_bpm": 86.1328125,
        "tempo_stability": 0.029433115961314302,
        "key_signature": "G minor",
        "harmonic_energy": 0.07190949469804764,
        "percussive_energy": 0.08442994207143784,
        "harmonic_percussive_ratio": 0.8517059755903167,
        "loudness_rms": 0.1802053153514862,
        "LUFS": -10.840160101904338,
        "peak_amplitude": 1.1620280742645264,
        "crest_factor": 6.448355907340797,
        "dynamic_range": 0.4701487123966217,
        "compression_ratio": 13.715566160575262,
        "spectral_centroid": 2398.6649173161195,
        "spectral_bandwidth": 2300.5187192874923,
        "spectral_rolloff": 4653.181937225594,
        "spectral_flatness_mean": 0.059062182903289795,
        "spectral_flatness_std": 0.18339194357395172,
        "zero_crossing_rate": 0.12409623579545455,
        "spectral_flux_mean": 70.71714782714844,
        "spectral_flux_std": 57.25693893432617,
        "stereo_width": 0.04282412175761208,
        "sub_bass_energy": 16.20151138305664,
        "frequency_balance": {
            "low": 15.883316993713379,
            "mid": 2.326338529586792,
            "high": 0.537346601486206
        },
        "low_mid_ratio": 6.827603430640237,
        "mid_high_ratio": 4.329307154561837,
        "transient_density": 3.406442195887477,
        "beat_strength": 0.060081999748945236,
        "onset_strength_mean": 2.144413709640503,
        "onset_strength_std": 3.093323230743408,
        "silence_ratio": 0.1926706893598694,
        "chroma_mean": [
            0.37106025218963623,
            0.33155858516693115,
            0.3838280141353607,
            0.3675387501716614,
            0.40388748049736023,
            0.4981773793697357,
            0.46879011392593384,
            0.5622624754905701,
            0.5559617877006531,
            0.5067200660705566,
            0.48485782742500305,
            0.35652098059654236
        ],
        "chroma_std": [
            0.24847741425037384,
            0.21724024415016174,
            0.25767049193382263,
            0.2295539379119873,
            0.22409264743328094,
            0.3058713972568512,
            0.22340045869350433,
            0.3051123321056366,
            0.3141160309314728,
            0.27979782223701477,
            0.32723701000213623,
            0.23250357806682587
        ],
        "mfcc_mean": [
            -151.9507598876953,
            70.23810577392578,
            -6.036427974700928,
            22.495784759521484,
            9.633838653564453,
            -5.957597732543945,
            2.997272491455078,
            3.0887796878814697,
            -7.635434627532959,
            4.514595031738281,
            -5.281013488769531,
            3.3935420513153076,
            -2.0517289638519287
        ],
        "mfcc_std": [
            137.87867736816406,
            47.99628448486328,
            39.7825927734375,
            25.61587142944336,
            20.005836486816406,
            24.281126022338867,
            15.605804443359375,
            14.511889457702637,
            13.820243835449219,
            11.66573715209961,
            11.993712425231934,
            10.653427124023438,
            9.559823989868164
        ],
        "spectral_contrast_mean": [
            17.351469436148893,
            15.88377921040972,
            18.858758781861003,
            18.124533463866634,
            18.100005228875677,
            19.87457708232088,
            47.94620453038197
        ],
        "spectral_contrast_std": [
            5.73692014484724,
            5.121222684600921,
            5.738306347688517,
            4.9561181168183195,
            4.438441575125876,
            5.272476180628568,
            8.436939838633016
        ]
    }
}