{
    "track": "Nuthin' But A G Thang",
    "artist": "Snoop Dogg & Dr. Dre",
    "genre": "hiphop",
    "features": {
        "tempo_bpm": 95.703125,
        "tempo_stability": 0.01446079990253402,
        "key_signature": "G minor",
        "harmonic_energy": 0.11567756533622742,
        "percussive_energy": 0.05986586585640907,
        "harmonic_percussive_ratio": 1.93227884302044,
        "loudness_rms": 0.18865658342838287,
        "LUFS": -11.635703940661905,
        "peak_amplitude": 1.1331727504730225,
        "crest_factor": 6.006536691245797,
        "dynamic_range": 0.20719367265701294,
        "compression_ratio": 28.9899605732139,
        "spectral_centroid": 2699.5533789304736,
        "spectral_bandwidth": 2597.8292895005034,
        "spectral_rolloff": 5639.929251527805,
        "spectral_flatness_mean": 0.022045088931918144,
        "spectral_flatness_std": 0.029498877003788948,
        "zero_crossing_rate": 0.10660404670456759,
        "spectral_flux_mean": 72.00081634521484,
        "spectral_flux_std": 39.92970275878906,
        "stereo_width": 0.30370549897559085,
        "sub_bass_energy": 26.070768356323242,
        "frequency_balance": {
            "low": 17.623769760131836,
            "mid": 2.3654050827026367,
            "high": 0.746024489402771
        },
        "low_mid_ratio": 7.450634910063323,
        "mid_high_ratio": 3.1706801647885006,
        "transient_density": 4.73132671138325,
        "beat_strength": 0.11880239844322205,
        "onset_strength_mean": 1.8076902627944946,
        "onset_strength_std": 1.8771084547042847,
        "silence_ratio": 0.05258361247115967,
        "chroma_mean": [
            0.32476744055747986,
            0.32832208275794983,
            0.2917735278606415,
            0.2747277617454529,
            0.30681419372558594,
            0.3295993208885193,
            0.4306512773036957,
            0.9001246094703674,
            0.7803351879119873,
            0.5406572222709656,
            0.4133641719818115,
            0.3919997215270996
        ],
        "chroma_std": [
            0.1295098066329956,
            0.13554848730564117,
            0.12104954570531845,
            0.11588534712791443,
            0.13414032757282257,
            0.14190834760665894,
            0.1994258016347885,
            0.1389501541852951,
            0.23868681490421295,
            0.1885191649198532,
            0.15362423658370972,
            0.1781998574733734
        ],
        "mfcc_mean": [
            -84.3054428100586,
            62.439849853515625,
            5.517191410064697,
            44.469173431396484,
            5.808950424194336,
            17.961193084716797,
            1.0834951400756836,
            13.784602165222168,
            -1.4389904737472534,
            12.425620079040527,
            -0.35022395849227905,
            4.835544586181641,
            4.721941947937012
        ],
        "mfcc_std": [
            59.20161056518555,
            30.746660232543945,
            28.165010452270508,
            18.672658920288086,
            18.474655151367188,
            14.641002655029297,
            12.65524959564209,
            11.855016708374023,
            11.8068208694458,
            9.789756774902344,
            11.22342586517334,
            9.070509910583496,
            9.969151496887207
        ],
        "spectral_contrast_mean": [
            19.50555294626482,
            14.54686727544655,
            18.127219478499608,
            17.71485430118814,
            18.206454005605384,
            18.382188266741185,
            51.17916100313841
        ],
        "spectral_contrast_std": [
            4.936793571309969,
            3.9181560238660325,
            4.323768065198675,
            3.9407801123722312,
            3.1480120464756047,
            2.7269076691036265,
            2.6116267794241326
        ]
    }
}