{
    "track": "Nuthin' But A G Thang",
    "artist": "Dr Dre and Snoop Dogg",
    "genre": "hiphop",
    "features": {
        "tempo_bpm": 95.703125,
        "tempo_stability": 0.01446079990253402,
        "key_signature": "G minor",
        "loudness_rms": 0.18865658342838287,
        "LUFS": -15.540134195128791,
        "peak_amplitude": 1.1331727504730225,
        "crest_factor": 6.006537009630482,
        "dynamic_range": 0.20719367265701294,
        "spectral_centroid": 2699.5533780922565,
        "spectral_bandwidth": 2597.829288815036,
        "spectral_rolloff": 5639.929251527805,
        "spectral_flatness_mean": 0.022045036777853966,
        "spectral_flatness_std": 0.029498791322112083,
        "zero_crossing_rate": 0.10660404670456759,
        "stereo_width": 0.0,
        "sub_bass_energy": 26.070768356323242,
        "frequency_balance": {
            "low": 17.62377166748047,
            "mid": 2.3654050827026367,
            "high": 0.746024489402771
        },
        "transient_density": 4.73132671138325,
        "onset_strength_mean": 1.8076902627944946,
        "onset_strength_std": 1.8771083354949951,
        "silence_ratio": 0.05258342224718806,
        "mfcc_mean": [
            -84.3054428100586,
            62.439849853515625,
            5.5171918869018555,
            44.469173431396484,
            5.808950424194336,
            17.961193084716797,
            1.0834953784942627,
            13.784602165222168,
            -1.4389903545379639,
            12.425620079040527,
            -0.3502238988876343,
            4.835545063018799,
            4.721941947937012
        ],
        "mfcc_std": [
            59.20161056518555,
            30.746662139892578,
            28.165010452270508,
            18.672658920288086,
            18.474655151367188,
            14.64100170135498,
            12.65524959564209,
            11.855016708374023,
            11.8068208694458,
            9.78975772857666,
            11.223423957824707,
            9.070509910583496,
            9.969151496887207
        ],
        "spectral_contrast_mean": [
            19.505557290166085,
            14.546867519993079,
            18.127219403947134,
            17.71485447296643,
            18.206453740769888,
            18.382188317291984,
            51.176074057224035
        ],
        "spectral_contrast_std": [
            4.93682462616266,
            3.9181563263059265,
            4.323766812280383,
            3.9407805468547545,
            3.148011663747554,
            2.726907489592653,
            2.608941692397784
        ]
    }
}