{
    "track": "The Way I Am",
    "artist": "Eminem",
    "genre": "hiphop",
    "features": {
        "tempo_bpm": 117.45383522727273,
        "tempo_stability": 0.024817361247773048,
        "key_signature": "A minor",
        "harmonic_energy": 0.14238762855529785,
        "percussive_energy": 0.10250551253557205,
        "harmonic_percussive_ratio": 1.389072754649738,
        "loudness_rms": 0.26784875988960266,
        "LUFS": -8.10324029041881,
        "peak_amplitude": 1.093571662902832,
        "crest_factor": 4.082795165919791,
        "dynamic_range": 0.41055917739868164,
        "compression_ratio": 9.944474003342938,
        "spectral_centroid": 2651.815829613011,
        "spectral_bandwidth": 2579.986958499431,
        "spectral_rolloff": 5327.1994110856,
        "spectral_flatness_mean": 0.04057226702570915,
        "spectral_flatness_std": 0.092023104429245,
        "zero_crossing_rate": 0.11350087384397078,
        "spectral_flux_mean": 110.41511535644531,
        "spectral_flux_std": 64.81475067138672,
        "stereo_width": 0.05936093618599847,
        "sub_bass_energy": 19.757966995239258,
        "frequency_balance": {
            "low": 26.148693084716797,
            "mid": 4.180173397064209,
            "high": 1.120668649673462
        },
        "low_mid_ratio": 6.255408696808434,
        "mid_high_ratio": 3.730070758186652,
        "transient_density": 5.214057600130994,
        "beat_strength": 0.09412828832864761,
        "onset_strength_mean": 2.002171277999878,
        "onset_strength_std": 2.2979202270507812,
        "silence_ratio": 0.06560800551762465,
        "chroma_mean": [
            0.3916942775249481,
            0.24534623324871063,
            0.2933344841003418,
            0.30717796087265015,
            0.39899176359176636,
            0.37110665440559387,
            0.4105323851108551,
            0.44835904240608215,
            0.4431980848312378,
            0.671675980091095,
            0.2673339545726776,
            0.43147197365760803
        ],
        "chroma_std": [
            0.29784294962882996,
            0.15079368650913239,
            0.2162756770849228,
            0.20823213458061218,
            0.2464805245399475,
            0.24163773655891418,
            0.2593580484390259,
            0.30833467841148376,
            0.32013431191444397,
            0.35278233885765076,
            0.18421238660812378,
            0.3259766399860382
        ],
        "mfcc_mean": [
            -45.8167610168457,
            73.28948974609375,
            5.020509719848633,
            35.519569396972656,
            17.428733825683594,
            11.38318920135498,
            4.725066184997559,
            11.666031837463379,
            -0.9027212858200073,
            4.572925567626953,
            2.816141128540039,
            4.844137191772461,
            1.075179934501648
        ],
        "mfcc_std": [
            93.53777313232422,
            42.437904357910156,
            32.127132415771484,
            20.56085968017578,
            17.277732849121094,
            15.523116111755371,
            11.23885726928711,
            10.031187057495117,
            8.964764595031738,
            8.351383209228516,
            8.243706703186035,
            7.44542932510376,
            7.370412349700928
        ],
        "spectral_contrast_mean": [
            21.178795902094294,
            15.651715332996718,
            19.092488671221183,
            17.977118670249496,
            17.325024407498834,
            16.851152266893195,
            45.86185879854861
        ],
        "spectral_contrast_std": [
            4.738687194425902,
            4.498294907388562,
            4.658246221336562,
            3.9781031241736926,
            3.079436683181307,
            3.0380262344911633,
            3.560366304518839
        ]
    }
}