{
    "track": "The Way I Am",
    "artist": "Eminem",
    "genre": "hiphop",
    "features": {
        "tempo_bpm": 117.45383522727273,
        "tempo_stability": 0.024817361247773048,
        "key_signature": "A minor",
        "loudness_rms": 0.26784875988960266,
        "LUFS": -11.296053675085181,
        "peak_amplitude": 1.0935717821121216,
        "crest_factor": 4.082795763410857,
        "dynamic_range": 0.41055914759635925,
        "spectral_centroid": 2651.822945884038,
        "spectral_bandwidth": 2580.0110557611524,
        "spectral_rolloff": 5327.237872391492,
        "spectral_flatness_mean": 0.04057229682803154,
        "spectral_flatness_std": 0.0920230820775032,
        "zero_crossing_rate": 0.11350118393764388,
        "stereo_width": 0.0,
        "sub_bass_energy": 19.757966995239258,
        "frequency_balance": {
            "low": 26.148693084716797,
            "mid": 4.180173397064209,
            "high": 1.120668649673462
        },
        "transient_density": 5.214057600130994,
        "onset_strength_mean": 2.002171516418457,
        "onset_strength_std": 2.2979202270507812,
        "silence_ratio": 0.06560800551762465,
        "mfcc_mean": [
            -45.8167610168457,
            73.28948974609375,
            5.020509719848633,
            35.51956558227539,
            17.428733825683594,
            11.38318920135498,
            4.725066184997559,
            11.666031837463379,
            -0.9027212858200073,
            4.572924613952637,
            2.816141128540039,
            4.844137191772461,
            1.075179934501648
        ],
        "mfcc_std": [
            93.53777313232422,
            42.437904357910156,
            32.127132415771484,
            20.560861587524414,
            17.277732849121094,
            15.523116111755371,
            11.23885726928711,
            10.031187057495117,
            8.964764595031738,
            8.351383209228516,
            8.243706703186035,
            7.445429801940918,
            7.370412349700928
        ],
        "spectral_contrast_mean": [
            21.17879941896311,
            15.651715035198222,
            19.092488514594578,
            17.977118475578045,
            17.32502430446457,
            16.85115231197783,
            45.855475966115094
        ],
        "spectral_contrast_std": [
            4.738714287945755,
            4.498294880938207,
            4.658244444319094,
            3.978103620666434,
            3.0794364452814817,
            3.038026059874958,
            3.5566944551970283
        ]
    }
}