{
    "track": "You Know How We Do It",
    "artist": "Ice Cube",
    "genre": "hiphop",
    "features": {
        "tempo_bpm": 92.28515625,
        "tempo_stability": 0.011066516140915842,
        "key_signature": "G minor",
        "harmonic_energy": 0.10180793702602386,
        "percussive_energy": 0.037607572972774506,
        "harmonic_percussive_ratio": 2.7071119433473383,
        "loudness_rms": 0.15710532665252686,
        "LUFS": -13.924914799799902,
        "peak_amplitude": 0.9362756609916687,
        "crest_factor": 5.959540782898095,
        "dynamic_range": 0.2268139272928238,
        "compression_ratio": 26.275020195095614,
        "spectral_centroid": 1361.816806498412,
        "spectral_bandwidth": 1968.5683185326175,
        "spectral_rolloff": 2987.7039498673366,
        "spectral_flatness_mean": 0.0034826742485165596,
        "spectral_flatness_std": 0.023389535024762154,
        "zero_crossing_rate": 0.03991344616374477,
        "spectral_flux_mean": 52.56193923950195,
        "spectral_flux_std": 41.11859130859375,
        "stereo_width": 0.03108906204110895,
        "sub_bass_energy": 15.01489543914795,
        "frequency_balance": {
            "low": 17.36998176574707,
            "mid": 1.2610957622528076,
            "high": 0.18407008051872253
        },
        "low_mid_ratio": 13.773721352437434,
        "mid_high_ratio": 6.851171522211732,
        "transient_density": 2.985235091743119,
        "beat_strength": 0.05460415035486221,
        "onset_strength_mean": 1.6676373481750488,
        "onset_strength_std": 2.32269287109375,
        "silence_ratio": 0.08846800140163098,
        "chroma_mean": [
            0.4187656044960022,
            0.4299367070198059,
            0.40405818819999695,
            0.5256200432777405,
            0.38900840282440186,
            0.45441415905952454,
            0.47590550780296326,
            0.7581585049629211,
            0.4380109906196594,
            0.4388083219528198,
            0.543591320514679,
            0.33051496744155884
        ],
        "chroma_std": [
            0.26094111800193787,
            0.24876545369625092,
            0.22029231488704681,
            0.320584774017334,
            0.19612815976142883,
            0.21892014145851135,
            0.21328628063201904,
            0.2590484321117401,
            0.24367408454418182,
            0.24072271585464478,
            0.30302613973617554,
            0.21139559149742126
        ],
        "mfcc_mean": [
            -179.1282958984375,
            122.36550903320312,
            14.959391593933105,
            40.961143493652344,
            9.050989151000977,
            22.92894172668457,
            4.178093910217285,
            7.324352264404297,
            -0.3401730954647064,
            6.975992202758789,
            0.5885815620422363,
            2.275768995285034,
            -2.0028445720672607
        ],
        "mfcc_std": [
            91.5368423461914,
            31.66343116760254,
            22.371065139770508,
            13.686298370361328,
            12.955841064453125,
            11.546370506286621,
            11.271344184875488,
            10.391642570495605,
            11.482234001159668,
            10.398722648620605,
            9.606101036071777,
            8.174872398376465,
            7.867650985717773
        ],
        "spectral_contrast_mean": [
            24.745449730567987,
            16.336251863543815,
            19.272521460216982,
            19.402163027870444,
            20.751817757647792,
            19.357211517876213,
            49.16007727652661
        ],
        "spectral_contrast_std": [
            4.910551599799427,
            4.068310621350874,
            4.550084930640607,
            4.322953287264709,
            4.957408550405289,
            4.052754903356041,
            3.3490824912491224
        ]
    }
}