{
    "track": "You Know How We Do It",
    "artist": "Ice Cube",
    "genre": "hiphop",
    "features": {
        "tempo_bpm": 92.28515625,
        "tempo_stability": 0.011066516140915842,
        "key_signature": "G minor",
        "loudness_rms": 0.15710532665252686,
        "LUFS": -17.050290168626525,
        "peak_amplitude": 0.9362756013870239,
        "crest_factor": 5.9595407828393006,
        "dynamic_range": 0.2268139272928238,
        "spectral_centroid": 1361.7605169478331,
        "spectral_bandwidth": 1968.534794975488,
        "spectral_rolloff": 2987.6403006072583,
        "spectral_flatness_mean": 0.0034826782066375017,
        "spectral_flatness_std": 0.023389562964439392,
        "zero_crossing_rate": 0.039912251713637756,
        "stereo_width": 0.0,
        "sub_bass_energy": 15.01489543914795,
        "frequency_balance": {
            "low": 17.36998176574707,
            "mid": 1.2610957622528076,
            "high": 0.18407008051872253
        },
        "transient_density": 2.985235091743119,
        "onset_strength_mean": 1.6676373481750488,
        "onset_strength_std": 2.32269287109375,
        "silence_ratio": 0.08846800140163098,
        "mfcc_mean": [
            -179.12831115722656,
            122.36550903320312,
            14.959391593933105,
            40.96114730834961,
            9.050989151000977,
            22.928943634033203,
            4.178093433380127,
            7.324352264404297,
            -0.3401728570461273,
            6.9759931564331055,
            0.5885815024375916,
            2.275768756866455,
            -2.0028445720672607
        ],
        "mfcc_std": [
            91.53683471679688,
            31.66343116760254,
            22.371065139770508,
            13.686299324035645,
            12.955841064453125,
            11.546370506286621,
            11.271344184875488,
            10.391643524169922,
            11.482234001159668,
            10.398722648620605,
            9.606101036071777,
            8.174872398376465,
            7.867650985717773
        ],
        "spectral_contrast_mean": [
            24.74545095857846,
            16.336252036985705,
            19.272511913403612,
            19.402166675353747,
            20.751819417772097,
            19.357210122428157,
            49.07093672242309
        ],
        "spectral_contrast_std": [
            4.9105679590546885,
            4.068310202178633,
            4.550105565855514,
            4.322947344600356,
            4.957404440043816,
            4.052755493582317,
            3.2915345781033616
        ]
    }
}